"","실록명","권차","년","월","일","요일","번역","기사순서"
"1","태조실록",3,1393,3,12,"수","지진(地震)이 일어났다.",2
"2","태조실록",6,1394,12,26,"토","밤에 지진이 일었다.",2
"3","태조실록",11,1397,3,25,"일","지진이 있었다.",1
"4","태조실록",12,1397,12,2,"일","햇무리가 졌으며, 천둥이 치고 지진이 발생했다.",1
"5","태조실록",13,1398,3,14,"목","밤에 지진이 일어났다.",3
"6","정종실록",2,1399,10,3,"금","지진하였다.",1
"7","태종실록",2,1401,11,12,"토","천둥이 치고 지진이 일어났다",1
"8","태종실록",4,1402,10,14,"토","밤에 지진이 일어났다.",1
"9","태종실록",4,1402,12,16,"토","지진이 발생했다.",1
"10","태종실록",6,1404,2,9,"토","강릉부(江陵府)에서 지진하였는데, 원주(原州)까지 이르렀다.",1
"11","태종실록",9,1405,3,3,"화","경상도 계림(鷄林), 안동(安東) 등 15고을과 강원도 강릉(江陵), 평창(平昌) 등지에 지진이 있었다. 유사(有司)에게 명하여, 계림, 안동 등의 곳에서 진병별제(鎭兵別祭)를 행하게 하였다.",1
"12","태종실록",10,1405,10,25,"일","지진이 일었다. 밤에 큰비가 내리고, 천둥번개가 쳤다.",1
"13","태종실록",11,1406,3,31,"수","계림(?林), 합천(陜川) 등지에서 지진이 일어났는데, 지붕 기와에서 소리가 났다.",1
"14","태종실록",12,1406,9,16,"목","경상도 의성현(義城縣)에서 지진이 있었다.",2
"15","태종실록",12,1406,12,13,"월","서북면(西北面)에 지진이 일어났다.",1
"16","태종실록",12,1407,1,30,"일","밤에 지진이 있었다.",3
"17","태종실록",14,1407,8,20,"토","서북면(西北面) 상원군(祥原郡)에 지진이 일어났다.",1
"18","태종실록",14,1407,11,14,"월","경상도(慶尙道) 개령현(開寧縣)에 지진이 일어났다.",1
"19","태종실록",15,1408,5,10,"목","밤에 지진이 일어나 집이 모두 흔들렸다.",1
"20","태종실록",17,1409,5,31,"금","경상도 보주(甫州)에 지진이 있었다.",1
"21","태종실록",19,1410,4,18,"금","지진이 일어났다.",1
"22","태종실록",20,1410,12,11,"목","경상도(慶尙道) 동래(東萊), 언양(彦陽), 인동(仁同), 하양(河陽)에 지진이 일어났다.",1
"23","태종실록",22,1412,1,17,"일","경상도 봉화현(奉化縣)에 지진이 일어났다.",1
"24","태종실록",23,1412,3,13,"일","전라도(全羅道)에서 지진이 발생하니, 서운관(書雲觀)에서 해괴제(解怪祭) 지낼것을 청했다. 임금이 ""옛날 사람들은 '천재지변을 만나면 마땅히 사람의 일을 올바로하라'고 하였으니, 반드시 제사를 지낼 것이 없다""라고 말했다.",1
"25","태종실록",24,1412,9,22,"목","전라도 안열(安悅), 고부(古阜), 김제(金堤) 등의 군(郡)에 지진이 일어났다.",1
"26","태종실록",24,1412,10,13,"목","전라도 장수현(長水縣)에서 지진이 일어났다.",1
"27","태종실록",24,1413,1,12,"목","전라도 완산(完山)에서 지진이 일어났다.",1
"28","태종실록",25,1413,2,2,"목","서북면(西北面) 안주(安州)에서 지진이 일어났다.",1
"29","태종실록",25,1413,2,10,"금","경상도 남해현(南海縣), 전라도 금주(錦州), 무풍(茂?), 곡성현(谷城縣)에 지진이 있었다.",1
"30","태종실록",25,1413,2,16,"목","경상도 거창현(居昌縣)에 지진이 일어났는데, 인시(寅時)부터 진시(辰時)까지 모두 20차례나 되었다.",5
"31","태종실록",25,1413,5,11,"목","경상도 계림부(?林府)에 지진이 일어났다.",1
"32","태종실록",26,1414,1,12,"금","평안도 의주(義州)에서 지진이 일어났다.",1
"33","태종실록",27,1414,3,16,"금","지진이 일어났다.",1
"34","태종실록",29,1415,8,2,"금","남양부(南陽府)에서 지진이 일어났다.",1
"35","태종실록",30,1415,12,14,"토","밤에 강화부(江華府)에 천둥이 치고 지진이 일어났는데, 번개 빛이 낮과 같았다.",1
"36","태종실록",31,1416,3,13,"금","경상도 산음현(山陰縣)에서 지진이 일어났다.",1
"37","태종실록",31,1416,5,14,"목","경상도 안동(安東), 청도(淸道), 선산(善山), 보천(甫川), 의성(義城), 의흥(義興), 군윈(軍威), 보성(甫城), 문경(聞慶)과 충청도 충주(忠州), 청풍(淸風), 괴산(槐山), 단양(丹陽), 연풍(延?), 음성(陰城)에 지진이 있었는데, 안동은 더욱 심하여 가옥들의 기와가 떨어질 정도였다.",1
"38","태종실록",31,1416,5,17,"일","평안동 안주(安州), 태천(泰川), 가산(嘉山), 무산(撫山), 용천(龍川), 곽산(郭山)에 3일 동안 지진이 일어났다.",1
"39","태종실록",35,1418,6,22,"수","지진이 일어났다.",1
"40","태종실록",36,1418,8,24,"수","지진이 일어났다.",1
"41","태종실록",36,1418,9,6,"화","지진이 일어났다. 큰 비가 내리고 천둥과 번개가 쳤다. 물이 교외에 넘쳐서 기르는 말들이 빠져죽고 곡식들이 크게 상하였다.",1
"42","세종실록",1,1418,10,27,"목","경상도 대구군(大丘郡)에 지진이 일어났다.",5
"43","세종실록",1,1418,11,3,"목","양지현(陽智縣)에 지진이 일어났다.",2
"44","세종실록",1,1418,11,8,"화","경상도 동래군에 지진이 일어났다.",2
"45","세종실록",1,1418,11,24,"목","군신(群臣)이 첫눈을 축하드리려 하니, 임금이 말하기를, “겨울에 천둥과 지진이 있었으니, 첫눈을 어찌 족히 축하하리오.”하였다. 박은과 이원·변계량들이 나아가 아뢰기를, “신들이 첫눈을 축하드리려 하옵되, 상감께서 겨울에 천둥과 지진이 있었다하여 받지 않으시니, 신들은 상감께옵서 재앙을 만나 두려워하심을 깊이 기뻐하나이다. 생각하옵건대 상감께서 재앙을 만나 이미 두려워하시기로 하늘에서 상서로운눈을 내리신 것이옵니다.”하였다.",5
"46","세종실록",13,1421,10,3,"금","경상도(慶尙道)에 지진(地震)이 일었다.",1
"47","세종실록",13,1421,10,9,"목","경상도 산음(山陰)·거제(巨濟)·진성(珍城)·의령(宜寧) 지방에서 지진(地震)이 일었다.",1
"48","세종실록",13,1421,10,10,"금","경상도 곤남(昆南)·진주(晉州)·칠원(漆原) 등지에서 지진(地震)이 일었다.",1
"49","세종실록",14,1421,12,13,"토","경상도의 합천(陜川)·함양(咸陽)·거창(居昌)·안음(安陰)·진성(珍城)·거제(巨濟)에서는 천둥이 치고, 성주(星州)·지례(知禮)에서 지진(地震)이 일었다.",1
"50","세종실록",14,1421,12,14,"일","경상도의 지례(知禮)·순흥(順興)·예천(醴泉)에 지진(地震)이 일었다.",2
"51","세종실록",14,1421,12,15,"월","지진(地震)과 천둥이 있었다. 또 햇무리가 지고, 일배(日背)와 일이(日珥)가 있었다.",1
"52","세종실록",15,1422,2,19,"목","경상도의 영산현(靈山縣)에서 지진이 일어났다.",4
"53","세종실록",15,1422,2,25,"수","경상도의 용궁(龍宮)과 예천(醴泉)에서 지진이 일어났다.",5
"54","세종실록",15,1422,3,1,"일","전라도의 영광군(靈光郡)에서 지진이 일어났다.",7
"55","세종실록",15,1422,3,7,"토","전라도의 전주(全州)·남원(南原) 등 27개 고을에 지진이 일어났다.",3
"56","세종실록",15,1422,3,20,"금","경상도의 영산현(靈山縣)에 지진이 일어났다.",5
"57","세종실록",15,1422,3,31,"화","전라도의 장수(長水)·금산(錦山)·남원(南原)·진안(鎭安)·진산(珍山)·용담(龍潭)에 지진이 일어났다.",4
"58","세종실록",15,1422,4,8,"수","경상도의 밀양(密陽)·창녕(昌寧)에 지진이 일어났다.",3
"59","세종실록",15,1422,4,10,"금","경상도의 칠원현(漆原縣)에 지진이 일어났다.",1
"60","세종실록",16,1422,6,11,"목","경상도 성주(星州)·금산(金山)·합천(陜川)·거제(巨濟)에 지진이 일어났다.",2
"61","세종실록",18,1422,12,18,"금","경상도 영천(榮川)에 지진(地震)이 일었다.",1
"62","세종실록",19,1423,2,17,"수","경상도의 지례현(知禮縣)에서 지진(地震)이 일었다.",1
"63","세종실록",22,1423,11,26,"금","지진(地震)이 일었다.",1
"64","세종실록",22,1423,12,24,"금","평안도 안주(安州)에 지진이 일어났다.",1
"65","세종실록",22,1424,1,16,"일","청주(淸州)에 지진이 일어났다.",1
"66","세종실록",24,1424,5,26,"금","함길도 경원부(慶源府)에 지진이 일고, 또 천둥과 비·싸락눈이 내렸다.",3
"67","세종실록",24,1424,5,28,"일","전라도 나주(羅州)·순천(順天)·부안(扶安)·영암(靈巖)·김제(金堤)·옥과(玉果)에 지진(地震)이 일었다.",4
"68","세종실록",25,1424,9,18,"월","황해도 황주(黃州)에 지진이 일어났다.",5
"69","세종실록",27,1425,1,21,"일","전라도의 전주(全州)·옥구(沃溝)·함열(咸悅)·용안(龍安)·여산(礪山)·만경(萬頃)·금구(金溝)·임피(臨陂)와 충청도의 임천(林川)·비인(庇仁) 등지에 지진(地震)이 일었다.",1
"70","세종실록",27,1425,1,23,"화","큰비가 왔다. 충청도 청주(淸州)에 천둥과 번개가 치고, 경상도 성주(星州)·선산(善山)·고령(高靈)·지례(知禮)·경산(慶山)·초계(草溪)·함안(咸安)·김산(金山)·하양(河陽)·대구(大丘)·사천(泗川)·군위(軍威)·의흥(義興)·비안(比安)·의성(義城)·신령(新寧)·거창(居昌) 등지에 지진(地震)이 일었다.",1
"71","세종실록",27,1425,2,28,"수","경상도 성주(星州)·개령(開寧)·경산(慶山)·인동(仁同)·의흥(義興)·합천(陜川)·고령(高靈)·창녕(昌寧)·안음(安陰)·김산(金山) 등지에 지진이 일어났다.",2
"72","세종실록",27,1425,3,6,"화","경상도 상주(尙州)·선산(善山)·지례(知禮)·개령(開寧)·의성(義城) 등지에 지진이 일어났다.",4
"73","세종실록",28,1425,5,18,"금","전라도 다섯 고을에 지진이 일어났다.",1
"74","세종실록",31,1426,3,17,"일","경기의 부평(富平)·양천(陽川)·김포(金浦) 등지에 지진이 일어났다.",5
"75","세종실록",34,1426,10,31,"목","경상도 기천(基川)·영천(榮川)에 지진(地震)이 일었다.",3
"76","세종실록",34,1426,11,17,"일","경상도 성주(星州)에 지진이 일어났다.",1
"77","세종실록",37,1427,10,5,"일","지진(地震)이 일어났다.",1
"78","세종실록",37,1427,10,5,"일","경상도 인동(仁同)·신녕(新寧)·영일(迎日)·언양(彦陽)·영해(寧海)·흥해(興海)·영천(永川)·양산(梁山)·청하(淸河)·하양(河陽)·울산(蔚山)과 충청도 단양(丹陽)·충주(忠州), 전라도순천(順天)·익산(益山)·금산(錦山)·화순(和順)·장수(長水)·장성(長城)에서 지진이 일어났다.",3
"79","세종실록",37,1427,10,6,"월","경상도의 영일현(迎日縣)에서 지진이 일어났다.",4
"80","세종실록",39,1428,2,28,"일","강원도 흡곡현(？谷縣)에 지진(地震)이 있었다.",7
"81","세종실록",40,1428,5,4,"화","평안도 안주(安州)와 평양에 지진이 일어났다.",3
"82","세종실록",40,1428,5,6,"목","경상도의 김산(金山)·개령(開寧)·지례(知禮)·상주(尙州) 등의 고을에 지진(地震)이 있었다.",3
"83","세종실록",40,1428,6,5,"토","평안도 태천군(泰川郡)에 지진(地震)이 발생했다.",4
"84","세종실록",40,1428,7,28,"수","평안도 중화군(中和郡)에 지진(地震)이 일었다.",5
"85","세종실록",40,1428,7,29,"목","평양부에 지진이 일어났다.",1
"86","세종실록",41,1428,8,24,"화","경상도와 전라도의 남원(南原)·진원(珍原)·옥과(玉果)·담양(潭陽)·전주(全州)·화순(和順)·고부(古阜)·부안(扶安)·태인(泰仁)·용담(龍潭)·익산(益山)·정읍(井邑)·순창(淳昌)·흥덕(興德)·옥구(沃溝)·금구(金溝)·장수(長水)·김제(金堤), 충청도의 옥천(沃川)·충주(忠州) 등지에서 지진이 일어났다.",5
"87","세종실록",42,1428,11,11,"목","경상도의 창원(昌原)·김해(金海)·칠원(漆原)·함안(咸安) 등의 고을에서 지진이 일어났다.",1
"88","세종실록",42,1428,11,21,"일","경상도 밀양(密陽)·순흥(順興)·기천(基川) 등 고을에서 지진이 일어났다. 문경현(聞慶縣) 봉생산(鳳生山)에 운무(雲霧)가 어두컴컴하게 끼고, 천둥이 치면서 비가 오더니,산마루에 있는 고송(枯松)이 저절로 불에 탔는데 불빛이 푸르고 붉었다.",3
"89","세종실록",42,1429,1,19,"수","경상도의 용궁(龍宮)·상주(尙州)·선산(善山)·문경(聞慶)·개령(開寧)·함창(咸昌) 등의 고을에서 지진이 일어났다.",2
"90","세종실록",43,1429,2,5,"토","지진이 일어났다.",1
"91","세종실록",43,1429,2,7,"월","경상도 함양(咸陽)·진성(珍城)·거창(居昌)·안음(安陰)과 전라도 진안(鎭安)·운봉(雲峯)등의 고을에서 지진이 일어났다.",6
"92","세종실록",45,1429,10,18,"화","고부(古阜)·흥덕(興德) 등지에 지진이 일어났다.",1
"93","세종실록",47,1430,1,24,"화","경상도의 비안(比安)·선산(善山)·상주(尙州)·인동(仁同)·함창(咸昌)·금산(金山)·개령(開寧)·거창(居昌)·지례(知禮)·안음(安陰)과 전라도의 무주(茂朱)·고산(高山)에 지진이 일어났다.",4
"94","세종실록",47,1430,3,3,"금","경상도 안음(安陰)·거창(居昌)과 전라도 무주현(茂朱縣)에서 지진이 일어났다.",2
"95","세종실록",47,1430,3,5,"일","경상도 대구(大丘)·청도(淸道)·영산(靈山) 등 고을에 지진이 일어났다.",3
"96","세종실록",47,1430,3,8,"수","경상도 기천(基川)·의흥(義興)·비안(比安) 등의 고을에서 지진이 일어났다.",5
"97","세종실록",47,1430,3,13,"월","경상도 밀양(密陽)·양산(梁山)·김해(金海)·기장(機張)·동래(東萊) 등의 고을에서 지진이 일어났다.",3
"98","세종실록",48,1430,5,9,"화","경상도 영산(靈山)·함안(咸安)·현풍(玄風)·합천(陜川)·김해·의령(宜寧)·산음(山陰)·삼가(三嘉)·기장(機張)·고성(固城)·울산·경주·대구·흥해(興海)·장기(長？)·안동·연일(延日)·의성(義城)·영해(寧海)·영덕(盈德)·영천(榮川)·청하(淸河)·의흥(義興)·진보(眞寶)·사천(泗川)·봉화(奉化)·청송(靑松)·함양(咸陽)·진주(晉州)·곤남(昆南)·신령(新寧)·고령(高靈)·밀양(密陽)·안음(安陰)·창원(昌原)·칠원(漆原)·영천(永川)·청도(淸道)·김산(金山)·성주(星州)·인동(仁同)·개령(開寧)·양산(梁山)·진성(珍城)·진해(鎭海)·거창(居昌)·동래(東萊)·선산(善山)·언양(彦陽)·상주(尙州)·예천(醴泉)·지례(知禮)·경산(慶山)·하동(河東)·거제(巨濟)·하양(河陽)·군위(軍威)·창녕(昌寧), 전라도 남원(南原)·익산(益山)·남평(南平)·담양(潭陽)·보성(寶城)·동복(同福)·능성(綾城)·흥덕(興德)·고흥(高興)·강진(康津)·순천(順天)·장성(長城)·영암(靈巖)·고창(高敞)·무장(茂長)·나주(羅州)·정읍(井邑)·고산(高山)·태인(泰仁)·화순(和順)·낙안(樂安)·진원(珍原)·무주(茂朱)·창평(昌平)·금구(金溝)·전주(全州)·임실(任實)·용안(龍安)·고부(古阜)·순창(淳昌)·구례(求禮)·곡성(谷城)·옥과(玉果)·용담(龍潭)·무진(茂珍)·광양(光陽)·운봉(雲峯)·부안(扶安)·장수(長水)·함열(咸悅)·진안(鎭安)·여산(礪山)·해진(海珍) 등 고을에 지진(地震)이 발생하였다.",6
"99","세종실록",48,1430,6,5,"월","임금이 좌우의 가까운 신하들에게 “요 근래 지진이 매우 많고 날씨는 아직 추운데,고기 잡는 뱃사람들이 많이 빠져 죽고 밀과 보리가 잘 자라지 못하여 백성들은 굶주린 안색이다. 이처럼 재변이 많으니 상제에게 제사를 지내는 예禮가 없을까?”라고 말하니, 좌우의 여러 신하 가운데 대답하는 사람이 없었다.",3
"100","세종실록",48,1430,6,16,"금","경연에 나아갔다. 임금이 우부대언 김종서에게 “지난 4월에는 강원도에 눈이 오고,전라도와 경상도는 지진이 있었으니, 하늘의 땅의 기운이 순조롭지 않은 게 이와같다. 지금 천둥이 있을 때가 되었는데도 천둥도 치지 않고 또 비가 오지 않은 지여러 날이 되었으므로 내가 지극히 민망스러운데, 지금 이와 같은 한재가 벌써 농사를 해치게 되지는 않았는가?”라고 물었다. 그러자 김종서가 “심한 지경에 이르지는 않았지만, 만약 6~7일 동안에도 비가 오지 않으면 벼농사에 피해가 있을 듯합니다.”라고 대답하니, 임금이 “네 말이 옳다. 이 때문에 근심한다.”라고 말하였다. …(후략)…",1
"101","세종실록",49,1430,9,22,"금","경상도 영산(靈山)·창녕(昌寧)·함안(咸安)·창원(昌原)·현풍(玄風)·함양(咸陽)·진성(珍城)·칠원(漆原) 등 지방에서 지진이 일어났다.",5
"102","세종실록",49,1430,9,30,"토","경상도 경주(慶州)·신령(新寧)·흥해(興海)·청하(淸河)·영일(迎日)·밀양(密陽)·김해(金海)·울산(蔚山)·의성(義城)·영해(寧海)·하양(河陽)·문경(聞慶)·진보(眞寶)·장기(長？)·청도(淸道) 등의 고을에서 지진이 일어났다.",3
"103","세종실록",50,1430,11,2,"목","충청도 영동현(永同縣)에서 지진이 발생하였다.",4
"104","세종실록",50,1431,1,25,"목","경상도의 고령(高靈)·의령(宜寧)·대구(大丘)·영산(靈山)·성주(星州)·현풍(玄風)·경산(慶山) 등의 고을에서 지진이 발생하였다.",4
"105","세종실록",51,1431,2,25,"일","경상도 개령(開寧)·함양(咸陽)·지례(知禮) 등에서 지진이 일어났다.",4
"106","세종실록",51,1431,3,10,"토","경상도 개령(開寧)·장기(長？)·곤남(昆南)·지례(知禮) 등에서 지진이 일어났다.",5
"107","세종실록",52,1431,5,25,"금","영덕(盈德)·안동(安東)·영해(寧海)·진보(眞寶) 등의 고을에 지진이 일어났다.",2
"108","세종실록",52,1431,6,14,"목","경상도 기장(機張)·김해(金海)·울산(蔚山)에 지진이 일어났다.",5
"109","세종실록",54,1431,12,6,"목","안락군(安樂郡)에 지진이 발생하였다.",2
"110","세종실록",55,1432,2,9,"토","경상도 진해현(鎭海縣)에 지진이 발생하였다.",6
"111","세종실록",55,1432,4,17,"목","대구군(大丘郡)에 지진이 발생하였다.",3
"112","세종실록",56,1432,6,2,"월","경연에 나아갔다. 임금이 “지진은 천재지변 가운데에도 큰 것이다. 그런 이유로 경전에 지진을 번번이 기록하였지만, 천둥나 번개의 이상한 변화는 기록하지 않았다.그러나 천둥은 번개는 보통 있는 일인 것이다. 그런 까닭에 춘추(春秋) 에도 이백(夷伯)의 사당에 지진이 일어난 것만 썼다. 그래서 천둥과 번개가 일상적인 일임을알겠다. 우리나라도 지진이 없는 해가 없고, 경상도가 더욱 많다. 지난 기유년에는지진이 경상도에서 시작하여 충청도와 강원도, 경기도까지 미쳤다. 그날 나는 마침책을 보느라고 지진이 일어난 것을 알지 못했다가 서운관이 보고한 것을 듣고서 알았다. 우리나라는 비록 지진으로 집이 무너지는 일은 없지만, 지진이 하삼도(충청？경상？전라)에 매우 많으니 오랑캐의 변란이 있지 않을까 의심된다.”라고 말했다.그러자 권채(權採)가 “천둥나 번개는 하늘의 변화 가운데 작은 것이고, 지진은 재변가운데 큰 것입니다. 그러나 반드시 어느 일을 잘했으니 어느 좋은 징조가 감응하고 어느 일은 잘못했으니 어느 좋지 못한 징조가 감응한다고 하는 것은 억지로 가져다 붙인 사리에 맞지 않은 말입니다.”라고 대답했다. 그러자 임금이 “경의 말이그럴 듯하다. 하늘의 재해와 땅의 이상함에 대한 응보는 혹 가깝기도 하고 멀기도한 것이다. 10년 사이에 반드시 응보가 없다고 말할 수는 없겠지만 한나라와 당나라의 여러 선비들이 하늘과 땅의 재이설에 빠져 억지로 끌어다 붙인 것을 나는 채택하지 않겠다.”라고 말했다.",1
"113","세종실록",57,1432,9,29,"월","사천(泗川)·고성현(固城縣)에 지진이 일어났다.",1
"114","세종실록",58,1432,11,8,"토","순흥부(順興府)에 지진이 일어났다.",7
"115","세종실록",58,1432,11,10,"월","경상도 성주(星州)에 지진이 일어났다.",6
"116","세종실록",58,1432,11,28,"금","밀양부(密陽府)에서 지진이 일어났다.",5
"117","세종실록",60,1433,5,29,"금","상주와 함창(咸昌)에 지진이 일어났다.",5
"118","세종실록",62,1433,11,26,"목","평안도 중화군(中和郡)에 지진(地震)이 발생했다.",6
"119","세종실록",65,1434,9,29,"수","전라도 전주 등 13개의 고을에 지진이 일어났다.",4
"120","세종실록",68,1435,5,2,"월","전라도 금구(金溝)·창평(昌平)·태인(泰仁)·흥덕(興德)·임실(任實)·담양(潭陽)·동복(同福)·고부(古阜)·순창(淳昌)·옥과(玉果)·곡성(谷城)·김제(金堤)·부안(扶安)·옥구(沃溝)·무장(茂長)·정읍(井邑)·운봉(雲峯)·고창(高敞)·남원(南原)·임피(臨陂)·함열(咸悅) 등의 고을에지진이 발생했는데, 그 소리가 천둥과 같았다.",3
"121","세종실록",69,1435,8,8,"월","평안도 평양에서 지진이 일어났다.",4
"122","세종실록",70,1435,11,6,"일","운봉현(雲峰縣)에 지진(地震)이 발생했다.",4
"123","세종실록",70,1436,1,12,"목","전라도 금구현(金溝縣)에서 천둥이 치고 지진이 발생하였으며, 전주(全州)·진원(珍原)·태인(泰仁)·담양(潭陽) 등 고을에서도 천둥이 쳤다.",3
"124","세종실록",71,1436,2,8,"수","전라도의 해진(海珍)과 강진현(康津縣)에 지진이 일어났다.",2
"125","세종실록",72,1436,5,20,"일","경성(景城)·경기·충청·전라·경상·황해·평안도에 지진이 일어났다.",3
"126","세종실록",72,1436,6,24,"일","집현전 부제학 안지(安止) 등이 상소를 올려 다음과 같이 말했다.“엎드려 듣건대 이달 초 9일에 전하께서 가까운 신하들과 중앙의 관리들에게 명하여 흥천사에 가보게 하시고 장차 절을 철거하고 새로 짓는다고 하니, 신 등은 몹시놀라서 감히 어리석은 말씀을 올립니다. 신 등이 생각건대 불교의 인연설에 대해전하께서 전통적인 학문으로 밝게 비추어 보셔서 환하게 그 허탄함과 망령됨을 알것이니 어찌 털끝만큼이라도 숭상하는 마음이 있으시겠습니까? 다만 이 탑塔은 거룩하신 태조께서 창건하신 것이므로 차마 그 기울어짐을 볼 수 없어서 수리하여 축조하고자 하시니 전하께서 조종(祖宗)을 높이시려는 극진한 마음을 볼 수 있습니다.그러나 부도(浮屠)설이 가진 폐해는 이미 오래 되었고, 어리석은 백성들의 마음이미혹되어 믿기는 쉽되 깨어나기는 어렵습니다. 요즘 날아다니는 벌레가 탑 위에 모인 것을 가지고 승려들이 망령되게 서기(瑞氣)라고 가리켜서 사대부가 여자들이 갑자기 모여들어 이마가 땅에 닿도록 절하고 우러러 받들면서 시주하는 형세가 마치달리는 파도 같습니다. 또 날아다니는 벌레가 흥복사 지붕에 모이자 도성 안에서거의가 우러러 예배하는 것이 전과 같아서 잡아 보기까지 하니 그것이 모두 벌레인것을 알았지만, 그래서 서기라고 가리켜서 귀와 눈으로 듣고 보아도 오히려 미혹된믿음을 풀지 못하였는데, 하물며 친히 보고 듣지 못한 자들이야 어떠하겠습니까?또 지금 성상께서 가뭄을 걱정하셔서 두루 여러 귀신들에게 제사하셨으니, 이 탑에제사를 지낸 것도 애초에 숭배하고 믿어서 한 것이 아니라 그것 역시 신이라면 거행하지 않을 수 없다는 뜻이었습니다. 하늘이 비를 내린 것은 전하께서 몸을 기울이시고 행동을 수양하셔서 지극한 정성을 드린 감동 때문이니 어떻게 저 마른 뼈가이룰 수 있는 것이겠습니까? 하물며 신에게 제사지내고 비를 빈 것이 실로 한 곳만이 아닌데 비를 얻게 된 것이 중들에게만 해당되면 되겠습니까? 신 등은 의혹이 드니, 이런 시기에 갑자기 탑을 새롭게 하시면 무지한 백성들은 필시 전하께서 서기로 인해 하신 일이라고 하여 전해가면서 서로 선동하여 그 말을 보탤 것이니, 불교가 날개를 활짝 편 것처럼 형세가 굳세게 되는 것이 여기에서 근거하게 될 것입니다. 근년 이래로 수재와 한재가 잇달아 일어나 백성들이 기근에 시달리고 있습니다.지금 또한 가뭄이 심해 냇물이 마르고 지진이 일어나니 밤낮으로 걱정하셔서 쓸데없는 비용을 절감하시고 공사를 정시하고 피하시니 서울과 지방의 신하와 백성들이모두 다 기뻐하면서, 전하께서 하늘을 두려워하시고 백성들에게 힘쓰는 공효를 생각하는데, 지금 급하지도 않는 공사를 일으키시니 산 등은 더욱 괴이하게 여깁니다.…(중략)…“이에 임금이 승정원에 명을 내려 “사리각(舍利閣)이 해가 오래 되면서 기울어져 위태하니, 조종(祖宗)께서 창설한 것이라 차마 모른 체 경솔하게 버릴 수 없어서였으며, 또 넘어지면 사람의 목숨이 상할까 걱정되므로 선공감(繕工監)에게 명하여 철거할 기계를 준비하라 했다. 그런데 지금 집현전에서 글을 올려 내가 탑전을 중수한다고 하니, 어디에서 중수한다는 말을 들었는가? 또 기우제를 지낸 뒤에 중들에게상을 주는 것은 이번이 처음인 것도 아니며, 또 비가 내린 것이 어찌 중들이 기우제를 지낸 것 때문이겠는가? 신을 받들지 않은 것이 없었는데, 중을 모아 기우제를지냈는데 최후에 내린 비가 마침 그 때에 맞았기 때문에 상을 주어서 비가 내린 것을 기뻐하는 뜻을 보였을 뿐이다. …(하략)… ”라고 말하였다.",1
"127","세종실록",75,1436,12,3,"월","경상도 산음(山陰) 등의 고을에서 지진이 일어났다.",3
"128","세종실록",75,1436,12,10,"월","전라도의 옥과(玉果) 등 세 고을에서 지진이 일어났다.",2
"129","세종실록",76,1437,2,13,"수","경상도 진해(鎭海)·함안(咸安)에 지진(地震)이 일어났다.",2
"130","세종실록",76,1437,2,23,"토","경상도의 영천(榮川)·순흥(順興)·예안(禮安)에 지진이 일어났다.",3
"131","세종실록",76,1437,2,24,"일","경상도 봉화현(奉化縣)에 지진이 일어났다.",1
"132","세종실록",76,1437,2,28,"목","서울 안과 경기도, 경상도의 안동(安東)·상주(尙州) 등 25개 고을, 강원도의 양양(襄陽) 등 11개 고을, 충청도의 충주(忠州) 등 43개 고을, 그리고 전라도의 전주(全州) 등 26개 고을에서 지진이 일어났다.",2
"133","세종실록",78,1437,9,17,"화","강령현(康翎縣)에서 지진이 일어났다.",2
"134","세종실록",80,1438,3,15,"토","경상도 금산 등 54개 읍에 지진이 일어나서, 해괴제(解怪祭)를 지냈다.",4
"135","세종실록",83,1439,1,3,"토","전라도 옥구(沃溝)·임피(臨陂)·함열(咸悅)·만경(萬頃)·용안(龍安)·금구(金溝)·익산(益山) 등의 고을에 지진이 일어났다.",2
"136","세종실록",84,1439,2,7,"토","지진이 일어났다.",1
"137","세종실록",84,1439,2,16,"월","경상도 대구(大丘)·영천(永川)·경산(慶山)·의흥(義興)·인동(仁同) 등의 고을에 지진이 일어났다.",1
"138","세종실록",84,1439,3,4,"수","경상도의 지례현(知禮縣)에 지진이 일어났다.",1
"139","세종실록",84,1439,3,20,"금","함길도 문천군(文川郡)에 지진이 일어났다.",1
"140","세종실록",84,1439,4,2,"목","전라도 무장현(茂長縣)과 함길도 문천군(文川郡)에 지진이 일어났다.",5
"141","세종실록",84,1439,4,16,"목","강원도 영월군(寧越郡)에 지진이 일어났다.",2
"142","세종실록",84,1439,4,20,"월","경상도 대구군(大丘郡)에 지진이 일어났다.",1
"143","세종실록",84,1439,4,26,"일","경상도 개령현(開寧縣)에서 지진이 일어났다.",1
"144","세종실록",85,1439,7,16,"목","전라도 만경(萬頃)·함열(咸悅)·옥구(沃溝)·용안(龍安)·금구(金溝)·부안(扶安)·임피(臨陂) 등 고을에서 지진(地震)이 발생했다.",3
"145","세종실록",86,1439,10,27,"화","경상도의 안음현(安陰縣)과 함양군(咸陽郡)에서 지진이 일어났다.",1
"146","세종실록",87,1439,12,7,"월","충청도 보은현(保恩縣)에서 지진이 일어났다.",2
"147","세종실록",88,1440,3,3,"목","충청도 부여현(扶餘縣)에 지진이 일어났다.",5
"148","세종실록",92,1441,5,11,"목","경상도 하동현(河東縣)에서 지진이 일어났다.",1
"149","세종실록",93,1441,6,22,"목","개성부(開城府)에 지진이 일어났다.",1
"150","세종실록",93,1441,9,26,"화","충청도 공주(公州)·연기(燕岐)·정산(定山)·서천(舒川)·은진(恩津)·문의(文義)·회인(懷仁)·대흥(大興)·회덕(懷德)·신창(新昌)·아산(牙山)·온양(溫陽)·목천(木川)·홍산(鴻山)·진잠(鎭岑)·부여(扶餘)·이산(尼山)·여산(礪山)·임천(林川)·연산(連山) 등의 고을에 지진(地震)이 발생했다.",3
"151","세종실록",94,1441,11,23,"목","충청도 공주(公州)에서 지진이 일어났다.",2
"152","세종실록",94,1441,12,23,"토","충청도 임천(林川)·서천(舒川)·한산(韓山)·진잠(鎭岑)·석성(石城)·여산(礪山)·은진(恩津)·청주(淸州)·공주(公州)·이산(尼山)·연산(連山)·아산(牙山)·홍산(鴻山)·문의(文義)·신창(新昌)·회덕(懷德) 등에서 지진이 일어났다.",3
"153","세종실록",95,1442,3,31,"토","충청도 회인(懷仁)·문의(文義)·연산(連山)·진잠(鎭岑)·연기(燕岐)·은진(恩津)·부여(扶餘)·이산(尼山)·공주(公州)·회덕(懷德)·홍산(鴻山)과 경상도 상주(尙州)·대구(大丘)·지례(知禮) 등의 군현(郡縣)에서 지진이 일어났다.",2
"154","세종실록",97,1442,8,16,"목","충청도 부여(扶餘) 목천현(木川縣)에서 지진(地震)이 발생하였다.",4
"155","세종실록",97,1442,10,15,"월","충청도의 남포(藍浦)·홍산(鴻山)·은진(恩津)에 지진이 일어났다.",3
"156","세종실록",98,1442,11,25,"일","충청도 단양(丹陽)·청풍(淸風)·은진(恩津)에 지진이 일어났다.",3
"157","세종실록",99,1443,2,18,"월","충청도 황간현(黃澗縣)에 지진이 일어났다.",2
"158","세종실록",99,1443,2,19,"화","강원도 원주·영월·평창현에서 지진이 일어났다.",1
"159","세종실록",102,1444,1,2,"목","충청도 영동현(永同縣)에 지진이 일어났다.",4
"160","세종실록",104,1444,5,28,"목","강원도 평해·울진에 지진이 일어났다.",4
"161","세종실록",105,1444,8,28,"금","경상도의 성주(星州) 등 19개 고을과 충청도의 청주(淸州) 등 14개 고을에 지진(地震)하였다.",3
"162","세종실록",107,1445,3,21,"일","서울에 지진(地震)하였다.",2
"163","세종실록",107,1445,4,4,"일","지진(地震)이 일어났다.",1
"164","세종실록",108,1445,5,26,"수","지진이 일어났다.",1
"165","세종실록",108,1445,6,5,"토","경기 안성군(安城郡)에서 지진이 일어났다.",2
"166","세종실록",108,1445,6,9,"수","충청도에서 지진이 일어났다.",2
"167","세종실록",109,1445,10,28,"목","전라도 담양·무진·보성·흥양·해남·낙안에 지진이 일어났다.",4
"168","세종실록",111,1446,2,5,"토","전라도 전주(全州)·태인(泰仁)·금구(金溝)에 지진(地震)이 일어났다.",4
"169","세종실록",115,1447,1,28,"토","황해도의 해주(海州)·재령(載寧)·수안(遂安)·신천(信川)·강음(江陰) 등지에 지진(地震)이 있었다.",2
"170","세종실록",118,1448,1,18,"목","경상도 현풍(玄風)·밀양(密陽)·창녕(昌寧) 등처에 지진(地震)이 일어났다.",1
"171","세종실록",119,1448,2,5,"월","충청도의 남포(藍浦)·서천(舒川)·한산(韓山)·은진(恩津)에 지진(地震)이 일어났다.",3
"172","세종실록",119,1448,3,22,"금","충청도의 옥천(沃川)·청산(靑山)·회덕(懷德) 등지에서 지진(地震)이 일어났다.",1
"173","문종실록",7,1451,5,1,"토","충청도 공주(公州)·온양(溫陽)·천안군(天安郡)·아산현(牙山縣)에 지진(地震)이 있었다.",8
"174","문종실록",9,1451,9,9,"목","경상도 합천(陜川)과 초계군(草溪郡)에 지진(地震)이 있었다.",4
"175","문종실록",13,1452,5,8,"월","지진(地震)이 일어나서 가옥이 모두 흔들렸다. 점사(占辭)에는 “4월에 땅이 진동하고소리가 있으면, 오곡(五穀)이 익지 않고 백성들은 크게 굶주린다.”라고 했다.",1
"176","문종실록",13,1452,5,14,"일","의정부에서는 예조(禮曹)에서 올린 공문[呈文]에 의거해서 “ 주례(周禮) 의 춘관(春官) 소종백(小宗伯)에는 ‘무릇 천지의 큰 재앙이 있을 때에 사직과 종묘에 유제(類祭)를 하면 위(位)가 된다.’라고 했습니다. 주(注)에 따르면 ‘유(類)란 올바른 예에의거해서 행하는 것이다.’라고 했으며, 그에 대한 소(疏)에는 ‘하늘의 재이(災異)는일식과 월식 및 별들이 치달아 떨어지는 것이고, 땅의 재이는 지진과 땅이 갈라지는것을 말하는데, 사직과 종묘에 유제를 행하면 소종백(小宗伯)이 자리(位)를 만들어제사 지낸다.’라고 말하였습니다. 원컨대 주례 에 의거해서 서울 안에서는 종묘와사직에 봉상시(奉常寺)에서 기고(祈告)하는 예에 따라 제물을 갖추어 제사 지내게하고, 그 밖의 지역에서는 그 고을의 사직에 기고하는 예에 따라 관원을 보내어 제사지내게 하소서.”라고 아뢰니, 그대로 따랐다.",3
"177","단종실록",1,1452,6,10,"토","전라도 무주·금산, 충청도 회덕(懷德)·연산(連山)·이산(尼山)·문의(文義)·진잠(鎭岑)·은진(恩津)에서 지진이 있었다. 이에 향과 축문을 내려 해괴제(解怪祭)를 지내게 했다.",1
"178","단종실록",1,1452,6,19,"월","충청도 보령(保寧)·해미(海美)·결성(結城)·서산(瑞山)에 지진(地震)이 일어났다.향(香)과 축문(祝文)을 내려 해괴제(解怪祭)를 행하였다.",1
"179","단종실록",3,1452,9,16,"토","전라도 무주(茂朱)와 금산(錦山)에서 지진이 일어나니, 향과 축문을 내려 주어해괴제(解怪祭)를 행하였다.",1
"180","단종실록",3,1452,10,5,"목","전라도 옥구(沃溝)에 지진이 일어나서 향과 축문을 내려 해괴제(解怪祭)를 지냈다.",1
"181","단종실록",3,1452,10,17,"화","전라도 무주(茂州)와 금산(錦山)에서 지진이 일어나니, 향과 축문을 내려 해괴제(解怪祭)를 지냈다.",1
"182","단종실록",4,1452,12,6,"수","충청도(忠淸道) 옥천(沃川)·은진(恩津)·니산(尼山)·회인(懷仁)·문의(文義)·회덕(懷德)·석성(石城)·보은(報恩) 등의 고을에 지진(地震)이 있었으므로, 향과 축문을 내려해괴제(解怪祭)를 지냈다.",1
"183","단종실록",6,1453,5,17,"목","충청도 남포(藍浦)·보령(保寧)·홍주(洪州)·청양(靑陽)·결성(結城)·비인(庇仁)·홍산(鴻山)·서천(舒川)·대흥(大興)에 지진이 일어났다. 이에 향과 축문을 내려 해괴제(解怪祭)를지냈다.",1
"184","단종실록",6,1453,7,7,"토","충청도(忠淸道) 청풍(淸風)·단양(丹陽)에 지진(地震)이 일어나서, 향과 축문을 내려서해괴제(解怪祭)를 지냈다",1
"185","단종실록",7,1453,9,27,"목","황해도 황주(黃州)와 봉산(鳳山)에서 지진이 일어났다. 향과 축문을 내려 해괴제(解怪祭)를 지냈다.",1
"186","단종실록",9,1454,1,7,"월","충청도(忠淸道)의 문의(文義)·옥천(沃川)·진잠(鎭岑)·회인(懷仁)·회덕(懷德)·청주(淸州)·은진(恩津)·연산(連山)에 지진이 있었으므로, 향과 축문(祝文)을 내려 해괴제(解怪祭)를지냈다.",1
"187","단종실록",9,1454,1,27,"일","전라도의 전주(全州)·낙안(樂安) 등 8개 읍과 충청도의 청주(淸州)·충주(忠州)·홍주(洪州)·공주(公州) 등 22개 읍, 그리고 경상도 안동(安東)·성주(星州)·상주(尙州)·김해(金海) 등 27개 읍에 지진(地震)이 있었으므로, 향(香)과 축문(祝文)을 내려서해괴제(解怪祭)를 지냈다.",5
"188","단종실록",10,1454,4,15,"월","전라도 진산군(珍山郡)에 지진(地震)이 있었으므로, 향과 축문을 내려 해괴제(解怪祭)를 지냈다.",1
"189","단종실록",10,1454,4,25,"목","평안도(平安道) 평양(平壤)·영변(寧邊)·박천(博川)·정주(定州)·안주(安州)·태천(泰川)에지진(地震)이 있었으므로, 향(香)과 축문(祝文)을 내려서 해괴제(解怪祭)를 행하였다.",1
"190","단종실록",11,1454,6,3,"월","충청도(忠淸道) 영동(永同)·황간(黃澗)·옥천(沃川)에서 지진이 나니, 향과 축문을내려 해괴제(解怪祭)를 지냈다.",1
"191","단종실록",12,1454,10,25,"금","충청도 보은현(報恩縣)에 지진(地震)이 나서, 향(香)과 축문(祝文)을 내려 해괴제(解怪祭)를 지냈다.",3
"192","단종실록",12,1454,12,17,"화","지진(地震)이 있었으므로, 종묘(宗廟)와 사직(社稷)에 제사를 지내어 고(告)했다.",1
"193","단종실록",12,1455,1,15,"수","경상도 초계(草溪)·선산(善山)·흥해(興海)와 전라도 전주(全州)·익산(益山)·용안(龍安)·흥덕(興德)·무장(茂長)·고창(高敞)·영광(靈光)·함평(咸平)·무안(務安)·나주(羅州)·영암(靈巖)·해남(海南)·진도(珍島)·강진(康津)·장흥(長興)·보성(寶城)·흥양(興陽)·낙안(樂安)·순천(順天)·광양(光陽)·구례(求禮)·운봉(雲峯)·남원(南原)·임실(任實)·곡성(谷城)·장수(長水)·순창(淳昌)·금구(金溝)·함열(咸悅) 및 제주도(濟州道)의 대정(大靜)·정의(旌義)에 지진(地震)이 있어서 담과 가옥이 무너지고 허물어졌으며, 깔려 죽은 사람이 많으므로,향(香)과 축문(祝文)을 내려 해괴제(解怪祭)를 지냈다.",2
"194","단종실록",13,1455,3,23,"일","강원도(江原道)의 회양(淮陽)·금성(金城)·흡곡(？谷)·평강(平康)에 지진(地震)이일어나니, 향(香)과 축문(祝文)을 내려 해괴제(解怪祭)를 지냈다.",1
"195","단종실록",13,1455,4,13,"일","전라도(全羅道) 흥덕(興德)·정읍(井邑)·만경(萬頃)에 지진이 일어나니, 향(香)과축문(祝文)을 내려 해괴제(解怪祭)를 지냈다.",2
"196","세조실록",2,1455,11,2,"일","강원도(江原道) 양양(襄陽)·간성(杆城)에서 지진(地震)이 일어나 향(香)과 축문(祝文)을내려 해괴제(解怪祭)를 지냈다.",1
"197","세조실록",2,1455,11,13,"목","전라도(全羅道) 영광군(靈光郡)에서 지진(地震)이 일어나 향(香)과 축문(祝文)을내려 해괴제(解怪祭)를 지냈다.",1
"198","세조실록",2,1456,2,4,"수","경상도 사천(泗川)·의령(宜寧)·초계(草溪)·진주(晉州)에서 지진이 일어나니, 향(香)과축문(祝文)을 내려 해괴제(解怪祭)를 행하였다.",1
"199","세조실록",3,1456,3,13,"토","경상도 신녕(新寧)·의성(義城)·대구(大丘) 등의 읍(邑)에서 지진(地震)이 일어났으므로향과 축문을 내리고, 해괴제(解怪祭)를 지냈다.",1
"200","세조실록",5,1456,11,15,"월","밤에 서울 도성 내에 지진(地震)이 있어, 명하여 해괴제(解怪祭)를 지냈다.",2
"201","세조실록",5,1456,12,5,"일","사헌부(司憲府)에서 “10월 18일 밤에 서울 도성에 지진이 있었는데, 서운관(書雲觀)권지사신(權知司辰) 전성(全性)이 좌경(坐更)을 하지 않아서 천문 관측을 하지못했으니, 그 죄가 장(杖) 80대에 해당합니다.”라고 아뢰니, 태(笞) 40대를 명했다.",2
"202","세조실록",9,1457,10,31,"월","전라도 전주에 지진(地震)이 일어나니, 향(香)과 축문(祝文)을 내려 해괴제(解怪祭)를지냈다.",2
"203","세조실록",11,1458,2,28,"화","평안도 용강(龍岡)·삼화(三和)·증산(甑山)·함종(咸從)·순안(順安)·강서(江西)에 지진이일어났으므로, 향(香)과 축문(祝文)을 내려 해괴제(解怪祭)를 지냈다.",1
"204","세조실록",12,1458,4,29,"토","전라도의 무주(茂朱)·금산(錦山)에 지진(地震)이 있었다. 향(香)과 축문(祝文)을 내려해괴제(解怪祭)를 지냈다.",1
"205","세조실록",13,1458,10,11,"수","충청도의 은진(恩津)과 부여(扶餘)·이산(尼山)·정산(定山) 등지에 지진이 일어났으므로,향(香)과 축문(祝文)을 내려 해괴제(解怪祭)를 지냈다.",3
"206","세조실록",13,1458,10,19,"목","충청도 괴산(槐山)과 음성(陰城)·청안(淸安)·충주(忠州)·연풍(延？) 등의 고을에 지진(地震)이 있었으므로, 향(香)과 축문(祝文)을 내려 해괴제(解怪祭)를 지내도록 했다.",2
"207","세조실록",17,1459,8,31,"금","충청도(忠淸道)의 보은(報恩)·회인(懷仁)·괴산(槐山)·청안(淸安)·청주(淸州)·연기(燕岐)·문의(文義)·옥천(沃川)·청산(靑山)·은진(恩津)·석성(石城)과 전라도(全羅道)의 남원(南原)·임실(任實)·순창(淳昌)·담양(潭陽)·옥과(玉果)에 지진(地震)이 발생하니, 향(香)과 축문(祝文)을 내려서 해괴제(解怪祭)를 지내게 하였다.",1
"208","세조실록",19,1460,3,18,"화","지진이 발생했다.",1
"209","세조실록",22,1460,11,15,"토","충청도(忠淸道)의 괴산(槐山)·연풍(延豊)에 지진(地震)이 일어나니, 향과 축문을내리어 해괴제(解怪祭) 지내게 했다.",1
"210","세조실록",26,1462,1,19,"화","경상도 거제(巨濟)·곤양(昆陽)·진해(鎭海)·함안(咸安)·김해(金海)·웅천(熊川)·진주(晋州)·고성(固城)·의령(宜寧)·사천(泗川) 등지에서 지진(地震)이 일어나서, 향과 축문을 내려해괴제(解怪祭)를 지내도록 했다.",1
"211","세조실록",29,1462,11,28,"일","경상도 금산(金山)·인동(仁同)·개령(開寧)·선산(善山) 등 고을에서 지진이 일어나니,향(香)과 축문(祝文)을 내려 해괴제(解怪祭)를 지내도록 했다.",1
"212","세조실록",30,1463,8,7,"일","경성(京城)에 지진(地震)이 일어나니, 예관(禮官)에게 명하여 해괴제(解怪祭)를지냈다.",1
"213","세조실록",34,1464,9,24,"월","전라도(全羅道) 광주(光州)와 경상도(慶尙道) 김해(金海)에 지진(地震)이 일어나니,향(香)과 축문(祝文)을 내려 주어 해괴제(解怪祭)를 지냈다.",1
"214","세조실록",37,1465,10,19,"토","경상도(慶尙道) 예안(禮安)·의성(義城)·영천(榮川)·청송(靑松)·안동(安東) 등지에 지진(地震)이 있었는데, 향과 축문을 내려 해괴제(解怪祭)를 지내도록 했다.",2
"215","세조실록",40,1466,12,25,"목","경상도의 경주(慶州)·의흥(義興)·영천(永川)·하양(河陽)에 지진(地震)이 발생하니,향(香)과 축문(祝文)을 내려서 해괴제(解怪祭)를 지내게 하였다.",5
"216","예종실록",7,1469,10,4,"수","남원부(南原府)에 지진(地震)이 있었다.",1
"217","성종실록",11,1471,9,5,"목","예조(禮曹)에서 경상도 관찰사(慶尙道觀察使)의 관문(關文)에 의거하여 아뢰기를,“웅천(熊川) 등 여러 고을에서 지진(地震)이 있었으니, 청컨대 향(香)과 축문(祝文)을 내려서 해괴제(解怪祭)를 지내소서” 하니, 그대로 따랐다.",8
"218","성종실록",19,1472,7,21,"화","충청도(忠淸道) 은진현(恩津縣)에서 지진(地震)이 있었다.",5
"219","성종실록",89,1478,3,26,"목","충청도(忠淸道)충주(忠州) 등 9고을과 경상도(慶尙道)상주(尙州) 등 18고을에 지진(地震)이 있었다. 예조(禮曹)에서 해괴제(解怪祭)를 행하기를 청하니, 임금이 그대로 따랐다.",4
"220","성종실록",91,1478,5,2,"토","의정부(議政府)에 전지(傳旨)하기를, “하늘과 사람의 이치가 같아 현미무간(顯微無間)하니, 상서로움과 재이의 응(應)함은 오직 사람으로부터 감응(感應)되는 것이다. 과매(寡昧)한 내가 한 나라에 임하여 밤낮으로 공경하고 부지런하며 주어진임무를 다하지 못할까 두려워하였는데, 지난달에는 지진(地震)이 있었고 이 달에는흙비가 내리니, 재변(災變)이 오는 것이 어찌 불러일으키게 하는 바가 없겠는가?내가 알지 못하는 사이에 부렴(賦斂)이 과중하였는가? 공역(工役)이 번거로웠는가?형벌이 적중하지 못하였는가? 사람을 쓰고 버리는 데에 잘못되었는가? 현준(賢俊)한 이가 혹 등용되지 아니하였는가? 혼인이 혹 때를 잃었는가? 수령(守令)의탐혹(貪酷)함이 심한데도 감사(監司)의 출척(黜陟)이 혹시 잘못되었는가? 백성들이그 고통을 견딜 수 없는데도 하정(下情)이 위에 통하게 아니하였는가? 허물을 얻은이유를 깊이 생각하건대, 허물은 실로 내게 있는 것이므로 직언(直言)을 들어서천견(天譴)에 답하고자 하니, 중외(中外)의 대소 신료(大小臣僚)에서 여항(閭巷)의소민(小民)에 이르기까지 나의 지극한 마음을 본받아 재이(災異)를 일으킨 이유와재이를 그치게 할 방법을 숨김없이 모두 진술하라.” 하였다.",3
"221","성종실록",91,1478,5,4,"월","(전략)임금이 말하기를, “오늘 양로연(養老宴)을 베풀고 바른 말을 청하니, 각각 좋은말을 진술하라.” 하니, 정창손이 말하기를, “군자(君子)를 가까이하고 소인(小人)을멀리하며, 이단(異端)을 물리치고 정도(正道)를 숭상하면, 나라를 다스리는 요지는이것에 불과합니다. 신이 보건대, 전하께서 즉위하신 이래로 날마다 하루같이 삼가하여 정사에 실수한 바가 없었으니, 원하건대 처음에서 끝까지 이 마음을 한결같이하소서.” 하였고, 한명회는 말하기를, “전하께서 요(堯)임금·순(舜)임금·우(禹)임금과탕왕(湯王)·문왕(文王)·무왕(武王)의 도(道), 그리고 무릇 옛 치란 흥망(治亂興亡)의사적(事跡)이나 명신(名臣)의 격언(格言)을 관람하지 않으신 바가 없는데, 어찌 신들의말을 기다린 후에야 이를 알겠습니까? 원하건대 처음에서 끝까지 한결같이 하소서.”하니, 임금이 말하기를, “채침(蔡沈)의 『서경(書經)』서문(序文)에 제왕(帝王)의치란(治亂)의 이유를 자세히 말하였으므로, 내가 일찍이 하늘의 위엄을 두려워하여조심하고 근신(謹愼)하였다. 그러나 지금 흙비[土雨]의 변(變)이 있으니, 천심(天心)에부응(副應)하지 못함이 있지 아니한 것인가?” 하였다.정창손이 말하기를, “지금 흙비뿐만 아니라 또 지진(地震)이 있었으니, 옛사람은 지진을큰 변으로 여겼습니다.”고 하니, 임금이 말하기를, “지진이 서울에는 없었다.”고 하자,한명회가 말하기를, “경상도·충청도도 역시 우리의 경내(境內)입니다. 재이(災異)가어느 시대인들 없었겠습니까마는 오직 임금이 덕을 닦는 데에 달려 있습니다.”고하니, 임금이 말하기를, “어찌 시대마다 있다고 하여 몸을 닦고 마음을 반성하지 않을수 있겠는가?” 하였다.이예(李芮)가 말하기를, “송(宋)나라신종(神宗) 때에 여러번 재변이 있었는데, 왕안석(王安石)이 말하기를, ‘수재(水災)와 한재(旱災)는 보통 있는 일인데, 이는 성려(聖慮)할 것이 못된다.’고 하였고, 신종도 말하기를, 재이(災異)는 천수(天數)이며 인사(人事)의 잘잘못에 관계되는 것이 아니라.’고 하니, 부필(富弼)이 듣고 탄식하기를,‘인주(人主)가 두려워하는 바는 오로지 하늘인데, 만약 하늘을 두려워하지 아니한다면무슨 일인들 하지 못하겠는가? 이는 필시 간사한 사람이 옳지 못한 말을 올려 주상의마음을 어지럽혀서 보필하고 간쟁(諫諍)하는 신하들로 하여금 힘을 펴지 못하게 하고자함이니, 이 는 치란(治亂)의 기틀이므로 마땅히 빨리 구(救)하여야 한다.’고 하고 곧글을 올려 이를 힘써 말하였습니다. 그리고 왕안석이, ‘천변(天變)은 족히 두려울것이 없고 조종(祖宗)은 족히 본받을 것이 없으며, 남의 말은 족히 근심할 것이 없다.’고까지 하였으니, 이는 만세의 죄인입니다. 임금이 재변을 만나면 마땅히 몸으로써담당하여 경계하고 근신하면서 그치게 할 바를 강구해야 하는데, 없는 시대가 없다고말하면서 예사로이 보고 소홀히 하는 것은 불가합니다. 예전 상(商)나라중종(中宗)때에는 상곡(桑穀)이 조정에 났고 고종(高宗) 때에는 꿩이 솥귀[鼎耳]에서 울었으나,모두 두려워하여 덕을 닦았으므로 재이(災異)가 해(害)는 되지 아니하여, 중종은 75년이나 나라를 다스렸고 고종은 59년 동안 나라를 다스렸으니, 이는 모두 하늘을공경하고 재이(災異)를 삼가한 효험입니다.”고 하였고, 강희맹(姜希孟)은 말하기를,“임금이 나라를 다스리는 근본은 정성뿐입니다. 그러므로 『중용(中庸)』에 이르기를,‘오직 천하의 지극한 정성이라야 능히 그 성(性)을 다할 것이며, 그 성(性)을 다할수 있으면 가히 천지에 참여하며 화육(化育)을 협찬(協贊)할 것이다.’라고 하였으니,지극한 정성의 극진한 공(功)입니다. 정성을 다하는 도(道)는, 망령됨이 없는 것과속이지 아니하는 것과 유구(悠久)한 것에 불과합니다. 주염계(周廉溪)가 말하기를,‘착하지 못한 일에 함부로 동(動)하는 것은 망령된 것이니, 망령됨이 없으면 정성[誠]이다.’고 하였고, 진서산(眞西山)은 말하기를, ‘정성이란 것은 천리(天理)의 참된것이며, 망령됨이란 것은 사람이 하는 거짓됨이다. 망령됨이 없다는 것은 내게 진실함이고, 속이지 아니한다는 것은 사물(事物)에 대하여 거짓이 없는 것이며, 유구하다는것은 처음부터 끝까지 정성을 지켜서 조금도 중단(中斷)됨이 없는 것이다.’라고하였습니다. 원하건대 전하는 지성(至誠)의 도(道)를 본받아 시종여일(始終如一)하면재이(災異)가 변하여 상서로움이 될 것입니다.”고 하였다.(후략)",1
"222","성종실록",91,1478,5,5,"화","사헌부 대사헌(司憲府大司憲) 유지(柳？) 등이 차자(箚子)를 올렸는데, 이르기를,“삼가 듣건대, 후원(後苑)에서 활쏘는 것을 구경하실 때에 잔치를 베풀고 풍악을 썼다고하니, 신 등은 온당하지 못하다고 생각합니다. 요즈음 지진과 흙비[土雨]의 재변(災變)이잇달아 일어나므로 전하께서 바야흐로 허물을 이끌어 자책(自責)하며 구언(求言)의명을 이제 겨우 내리셨는데, 다시 명하여 풍악을 벌이고 잔치를 베푸는 것은 재이를두려워 하고 하늘을 삼가하는 뜻이 심히 아닙니다. 바라건대 빨리 이 명령을 거두어서 천견(天譴)에 답하소서. 또 병조 판서 어유소(魚有沼)는 바야흐로 탄핵을 당하고있는데 갑자기 출사(出仕)하기를 명하시니, 신 등이 생각하건대, 권병(權柄)을 남용하는 것은 인신(人臣)의 큰 죄이므로 벼슬을 깎고 엄히 다스리는 것이 마땅한데,어찌 다시 정권을 잡게 할 수가 있겠습니까?” 하니, 전교하기를,“내가 종친(宗親)과 더불어 관사(觀射)하는 것은 친친(親親)함을 돈독히 하고 무비(武備)를 닦으려는 것이다. 전조(前朝)의종(毅宗) 때에는 서북변(西北邊)에 병란(兵亂)이 있었는데도 김돈중(金敦中)의 무리와 더불어 날마다 시주(詩酒)를 일삼자이때의 의논이 이를 비난하였고, 대송(大宋)의 정치를 논하여, ‘문치(文治)는 성(盛)하였으나 무략(武略)은 강(强)하지 못하였다.’ 한다. 이것이 내가 관사(觀射)를 하게 된소이(所以)이다. 내가 종친을 사랑하고 무비를 닦는 것을 경 등이 잘못이라고 생각한다면 내가 마땅히 정지할 것이니, 다시 의논하여 계달하라. 어유소로 하여금 출사하게 한 것은 제목(除目)을 내리고자 하여도 판서(判書)가 없으면 할 수 없기 때문에그렇게 한 것이다.” 하였다.지평(持平) 이세광(李世匡)이 와서 아뢰기를, “신 등의 뜻은 종친을 사랑하고 무비를닦는 것을 옳지 못하다고 하는 것이 아닙니다. 이제 겨우 전교를 내려, 구언(求言)을하고서 또 이러한 일이 있으니, 일이 매우 서로 어긋나기 때문에 풍악을 쓰지 말도록청한 것입니다. 어유소는 권병(權柄)을 마음대로 남용하였으니, 징계하지 않을 수없습니다.” 하자, 승정원에 전교하기를, “종친과 더불어 활을 쏘면서 악(樂)을 쓰지아니하면 군졸(軍卒)을 취재(取才)함과 무엇이 다르겠는가? 아니하면 그만이지마는한다면 모름지기 사람의 마음을 화(和)하게 하는 것이 필요한데, 악이 아니면 불가하다. 이제 대간(臺諫)에서 이르 기를, ‘재이(災異)가 있는데 악을 베푸는 것은? 마땅치않다.’고 하는데, 경 등의 뜻은 어떠한가?” 하니, 좌부승지 손비장(孫比長)이 아뢰기를,“어제 태학(太學)에 거둥하였다가 환궁(還宮)할 때에 신이 고취(鼓吹)를 정지하기를아뢰고자 하였더니, 지금 대간의 말은 바로 신의 마음과 같습니다. 또 재이를 만나면두려워하는 것은 제왕(帝王)의 아름다운 덕이므로 대간의 청을 듣지 아니할 수없습니다. 이제 모든 일이 이미 판별되었으니, 풍악 없이 관사(觀射)하는 것이 어떠하겠습니까?” 하였고, 도승지(都承旨) 신준(申浚)·동부승지(同副承旨) 이경동(李瓊仝)은아뢰기를, “이번 재이는 비록 악(樂)을 철폐하는 데에 이르지는 아니할 것이나 전하께서 능히 하늘의 경계함을 삼가시어 전교를 내려 구언(求言)하시었고, 또 대간의간하는 말도 있으니, 만약 관사(觀射)를 한다면 악(樂)이 없이 하는 것이 가할 듯합니다. 그러나 종친과 더불어 모이는데 풍악을 쓰지 아니하는 것도 온당치 못하니,우선 정지하였다가 다시 후일을 택하는 것이 어떠하겠습니까?”라고 하였다.전교하기를, “관사(觀射)는 잠정적으로 미루겠지마는, 일에 옳지 못함이 있으면 승지(承旨)가 즉시 이를 말하는 것이 마땅한데, 어제 고취(鼓吹)를 쓴 것을 어찌 즉시아뢰지 아니하고 이제 대간이 말하는 것으로 인하여 이를 말하는가? 이는 매우 옳지못하다 또 내일 조참(朝參)에도 당연히 고취를 쓸 터인데, 어찌하여 말하지 아니하는가?”하니, 손비장이 대답하기를, “어제 고취(鼓吹)할 때에 신이 아뢰고자 하여 동료들에게의논하니, 김승경(金升卿)·이경동(李瓊仝)이 말하기를, ‘임금의 거둥은 가볍게 할 수없는 것인데, 이제 만약 풍악을 철거하면 피전(避殿)·감선(減膳)과 조하(朝賀)·조참(朝參)을 정지(停止)하는 등과 같은 다른 일도 일체로 시행함이 마땅한데, 지금 흙비의변으로 인하여 이를 모두 행할 수 있겠는가?’ 하기에 신도 옳게 여겼기 때문에아뢰지 아니하였습니다.” 하였고, 이경동은 말하기를, “전일 흙비가 있었을 때에 예문관(藝文館)에서 옛 일을 상고해 말하기를, ‘흙비는 전대(前代)에서도 자주 있었습니다.『강목(綱目)』과 『자치통감(資治通鑑)』에는 무릇 커다란 재이(災異)가 있으면 반드시기록하는데, 오직 흙비만은 기록하지 아니하였으니, 대개 작은 재이인 까닭으로 싣지아니한 것이다.’라고 하였기에, 신은 어제 고취(鼓吹)를 의논할 때에 생각하기를,조하(朝賀)·조참(朝參) 등의 일에 방해가 있을 것으로 생각하여 불가하다고 한 것입니다.만약 흙비 때문에 내일 조참을 정지한다면 다른 일식(日食)·지진(地震)과 같은 것에도모두 악(樂)을 철폐할 것입니까? 신의 뜻으로는, 조참은 평상시와 같이 하는 것이좋다고 생각합니다.”하였으며, 신준(申俊)은 말하기를, “어제 일은 신이 함께 의논하지 아니하였으나,오늘 손비장과 신이 고취(鼓吹)와 관사(觀射) 등의 일을 말하였는데, 신도 갑자기아뢰는 것은 불가(不可)하다고 말하였습니다. 이제 흙비 때문에 조참을 정지하는 것은옳지 못합니다.” 하였다.이에, 전교하기를, “손비장(孫比長)이 어제 고취하는 것을 옳지 못하다고 여겼으면마땅히 즉시 이를 말했어야 할 터인데, 오늘에야 남의 말로 인하여 겨우 말하니, 인신(人臣)의 도리가 과연 이같은가? 일이 간사함에 해당되니, 사헌부로 하여금 국문(鞫問)하게 하라.” 하였다.사신이 논평하기를, “손비장을 일컬어 일을 못하였다고 하는 것은 가하겠으나 간사하다고 한 것은 그 실상이 아닌 듯하다.” 하였다.",2
"223","성종실록",91,1478,5,8,"금","경연(經筵)에 나아갔다. 강(講)하기를 마치자, 대사간(大司諫) 김자정(金自貞)이아뢰기를, “금년에 두 번 흙비의 변(變)이 있어 전하께서 바야흐로 몸을 닦고 마음을반성하여 이를 삼가시면서 금주(禁酒)는 허락하지 않으시니, 천견(天譴)에 공경히답하는 바가 아닙니다.” 하였으며, 장령(掌令) 박숙달(朴叔達)은 아뢰기를, “지금의공경 대부(公卿大夫)는 잔치하고 노는 것을 일삼아 강 위에 정자를 짓고 왕래하면서즐기니, 만일 중국 사신이 와서 보면 필시 이르기를, ‘나라 사람들이 놀고 잔치하는것으로써 일삼는다.’고 할 것입니다. 이 뿐만 아니라 대소 조사(大小朝士)가 혹은문밖에서 활쏘기를 하거나 혹은 경저(京邸)에서 잔치를 베풀며, 기생과 광대를 청하여놀이하고 희롱하면서 방자하게 구니, 청컨대 강가의 정자를 헐게 하고 기생을 데리고잔치하는 것을 금하게 하소서.” 하니, 임금이 말하기를, “술을 금하는 소이(所以)는비용을 줄이고자 하는 것인데, 만약 술을 금하는 영(令)을 세우면 비록 한 병의 술을가진 자라도 또한 구속을 당할 것이니, 원망하는 자가 반드시 많을 것이다. 또당(唐)나라 때에도 재상이 곡강(曲江)에 나가서 노는 일이 있었으니, 일 년 동안 근심하고 수고하였는데 하루도 즐기지 못하게 하는 것이 옳겠는가? 비록 놀며 쉬는 곳이있다고 하더라도 무엇이 해롭겠는가?” 하고, 인하여 좌우에게 물었다.영사(領事) 한명회(韓明澮)가 대답하기를, “성상의 하교가 지당합니다.” 하였고, 영사노사신(盧思愼)이 말하기를, “신의 전장(田庄)도 강변에 있는데, 신의 조부(祖父)가정자를 지은 것이 신에게 전하여 이르른 것으로, 신도 때로 왕래하고 있습니다.강변에 인가가 있는 것을 중국 사람이 본다고 해서 무슨 좋지 못함이 있겠습니까?”하였으며, 지사(知事) 이극배(李克培)는 말하기를, “중국 조정에도 누대(樓臺)가 있으며,지금의 재상들이 비록 정자를 가지고 있을 지라도 임무가 중한 자라면 어느 여가에가서 놀겠습니까?” 하였고, 박숙달은 말하기를, “『역경(易經)』에 이르기를, ‘신하가어려움을 무릅쓰고 충성을 다하는 것이 자신을 위하여서 하는 것은 아니다.’라고 하였고,『시경(詩經)』에 이르기를, ‘밤낮으로 부지런하여 한 사람을 섬긴다’고 하였으니,경대부(卿大夫)가 된 자는 마땅히 충성을 다하고 게으르지 아니하여야 할 것인데,날마다 잔치하며 술 마시는 것을 일삼는 것이 옳겠습니까?” 하였고, 김자정은 말하기를,“금주령(禁酒令)은 마땅히 세워야 합니다. 술을 금하는 것이 작은 일인 것 같으나허비를 절약하는 데에는 이보다 좋은 것이 없습니다. 지금의 사람들이 대개 사치를서로 숭상하여 정자를 지극히 사치하고 아름답게 하니, 청컨대 철거하게 하소서.”하자, 임금이 말하기를, “태평 시대에 공경 대부(公卿大夫)가 어찌 항상 근심하고걱정만을 할 필요가 있겠는가? 황음(荒淫)하지 아니함이 옳으며, 비록 혹시 놀고 휴식한들 무엇이 해롭겠는가?” 하였다.박숙달이 말하기를, “신은 생각하건대, 태평 시대에 임금과 신하가 근심하고 두려워하는 것은 바로 태평함을 길이 보전하는 길입니다. 만약 스스로 태평 시대라고 이르며경계하고 두려워할 줄을 모르면, 어찌 능히 태평함을 끝까지 보존하겠습니까?” 하였고,이극배는 말하기를, “모여서 술을 마시는 법을 이미 세웠으니 사치를 금하는 법도세워서 거듭 밝히는 것이 옳습니다.” 하니, 임금이 말하기를, “법을 이미 세웠으니오직 사헌부의 검찰(檢察)만이 있을 뿐이며, 술을 금하는 것은 아직 천천히 하라.”하였다. 박숙달이 말하기를, “한(漢)나라선제(宣帝) 때에 흙비가 내렸고 평제(平帝)때에는 지진이 있었는데, 그때 의논하는 자가 말하기를, 열후(列侯)가 많이 분쟁하여어지러워질 조짐이라고 하였습니다. 지금 두 번의 흙비가 내리자 의논하는 자가말하기를, ‘토목(土木)의 일을 번거롭게 일으킨 소치이다.’라고 하였습니다. 또 신이전에 강원도에 가서 보니, 본도(本道)는 토지가 메말라서 그곳 백성은 농사짓기를힘쓰지 아니하고 모두 목재(木材)를 팔아서 생활하는데, 이제 금하여 나무를 베지못하게 하니, 예전에는 산림 천택(山林川澤)을 백성들과 함께 공유(共有)하였습니다.국가에는 이미 금산(禁山)이 있으니, 그 외의 산은, 청컨대 금하지 말게 하소서.”하니, 임금이 말하기를, “그렇지 않다. 금산 이외에 어찌 금함이 있겠는가?” 하니,박숙달이 말하기를, “신이 삼가 보건대, 전하의 다스림이 점점 처음과 같지 못합니다.요즘 창원군(昌原君)이 마음대로 사람을 죽여 신 등이 죄를 청하였으나 들어주지아니하시고, 정인지(鄭麟趾)가 스스로 가난하다고 말하여 군상(君上)을 속였으므로신 등이 죄를 청하였으나 들어주지 아니하셨으며, 이제 또 허종(許琮)의 죄를 청하였으나 또한 따르지 아니하시니, 전하께서 언론(言論)을 듣는 것이 점점 처음과 같지아니합니다.” 하였다.임금이 말하기를, “대간(臺諫)의 말은 반드시 다 따라야 하는가?” 하니, 한명회가말하기를, “대간이 언론(言論)하는 바를 주상께서 취하거나 버리거나 하실 뿐입니다.”하였고, 이극배는 말하기를, “대간의 말이 옳으면 따르고 옳지 못하면 버리는 것인데,창원군은 지친(至親)이고 정인지는 대신이므로 전하께서 죄주지 아니하시는 것은부득이한 데에서 나온 것입니다. 허종의 일도 이와 같은 것인데 대간이 말하였으니취하고 버리는 것은 전하께 달려 있습니다.” 하니, 임금이 말하기를, “허종은 대신이고 또 공신인데 어찌 죄를 가할 수 있겠는가?”하였다.박숙달이 말하기를, “우통례(右通禮)는 승직(陞職)하여 좌통례(左通禮)로 삼은연후에 거관(去官)하게 하는 것이 예(例)인데, 지금 신윤저(申允底)는 우통례로 거관하였으니, 신은 법이 허물어질까 두렵습니다. 청컨대 개정(改正)하소서.” 하니, 임금이말하기를, “신윤저를 이 벼슬에 제수한 지 이미 오래되었는데, 처음에 좌통례에제수하였어야 마땅한 것을 이조(吏曹)에서 우통례에 잘못 제수한 것이다.” 하자,박숙달이 말하기를, “신윤저는 실로 재주와 덕은 없고 단지 문음(門蔭) 때문이었으니,통례(通禮)에 제수된 것도 다행이었습니다. 승직하여 좌통례로 삼은 연후에 거관하게하는 것은 아직 늦지 아니합니다.” 하니, 임금이 말하기를, “마땅히 써야 할 것이어서쓴 것인데, 어찌 문음(門蔭)을 논하는가?” 하였다.",2
"224","성종실록",91,1478,5,9,"토","주계부정(朱溪副正)심원(深源)이 다음과 같이 상서(上書)하였다.“예전에 상(商)나라탕왕(湯王)은 여섯 가지 일로 자기를 꾸짖자, 하늘에서 비가 내렸고,송(宋)나라경공(景公)은 덕(德)있는 말 세 가지를 하자, 형혹성(熒惑星)이 자리를옮겼다고 하는데, 이제 전지(傳旨) 가운데의 열 가지 일은 오늘날의 깊은 병통이 아닌것이 없으니, 전하께서 이미 아시는데 신이 다시 무슨 말을 하겠습니까? 그러나 구언(求言)의 전교를 받으니, 마음으로 시사(時事)의 근심할 만한 것을 알면서 어찌 차마잠자코 있겠습니까? 신이 어릴 때에 농장(農莊)에서 자라서 백성의 일을 눈으로보았는데, 농부와 홍녀(紅女)의 어렵고 괴로움은 이루 말할 수 없습니다. 무릇 조도 경비(調度經費)는 비록 나라의 정한 제도가 있어서 일찍이 많이 거두지 아니하였다.’고말하겠지만 탐학(貪虐)한 수령과 간교한 아전들이 별도로 많은 명목을 만들어서 함부로거두는 것은 어찌 능히 다 금하였겠습니까? 깊고 먼 시골의 백성들은 일찍이 발길이성읍(城邑)에 이르지 아니하였으니, 진실로 견딜 수 없는 일이 있을지라도 능히 현리(縣吏)에게 스스로 분변하는 자가 적은데, 하물며 능히 자사(刺史)의 뜰에 가서스스로 분변하겠습니까? 이로 말미암아 백성이 궁해도 세금 거두는 것은 더욱 급하게하니, 아아 전하께서 비록 어진 마음을 가지고 계시며 인자하다는 소문이 있으면서도백성들이 은혜를 입지 못하고 사정(事情)이 위에 통하지 아니하는 것은 진실로 이때문입니다. 또 권문(權門)의 종[奴]들이 재산을 많이 저축하여 때를 타서 사채(私債)를 거두고 놓는데, 이식(利息)을 취하는 것이 절도가 없으며 추수함에 미쳐빚을 독촉하는 무리가 연달아 와서 집 주인의 위엄을 빌어 호소할 데 없는 백성을침해하므로, 개와 닭도 편히 쉬지 못합니다. 이런 까닭으로 농가에서는 풍년의 괴로움이흉년보다 심하니, 어찌 백성이 궁하고 또 원망하지 아니하겠습니까?신이 듣건대, 근래에 고을에서 군사를 징발하는 데에 비록 친상(親喪)을 당하여 3년상(三年喪)을 행하기를 원하는 자가 있어도 모두 탈정 기복(奪情起復)한다고 하니, 심히아름다운 일이 아닙니다.신이 또 듣건대, 유사(有司)에서 풍수설(風水說)의 요망한 말에 의거하여 국도(國都)에관계가 있는 산기슭의 땅에는 모두 사람의 집짓는 것을 금하고 혹은 이미 지은 집을철거까지 한다고 하니, 후손에게 남길 좋은 계책이 아닙니다.원하건대 전하는 군사에게 상제(喪制)를 마치도록 허락하여 풍속을 돈독하게 하고,산기슭의 인가(人家)를 금하지 말게 하여 요사한 말을 물리치며, 권문(權門)의 사채(私債)를 금하여 궁한 백성을 살게 하소서. 어떤 이는 말하기를, ‘만약 사채를 금하면가난한 자가 의뢰할 곳이 없으니, 아직 그대로 두어서 궁(窮)하고 굶주리는 것을 구제하는 것만 같지 못하다.’라고 하나, 신은 그렇지 않다고 생각합니다. 궁한 백성을진제(賑濟)하는 것은 바로 수령의 책임이며 권문에서 사사로이 할 바가 아닙니다.예전에 대부(大夫)의 집에서는 닭·돼지를 기르는 이(利)도 살피지 아니하였는데, 하물며사채를 놓는 일이겠습니까? 지금 백성 가운데 사천(私賤)이 십중팔구가 되고 양민(良民)은 겨우 한둘 뿐인데, 편하고 부유(富裕)한 자는 모두 사천이고 빈곤한 자는모두 공천(公賤)과 양민입니다. 그러한 까닭은 무릇 수령이 부임할 적에 공경대부(公卿大夫)의 아는 이나 알지 못하는 이가 모두 술과 고기를 가지고 전송하면서 그 노비(奴婢)를 잘 보호해 주기를 청하니, 상하(上下)에서 풍속을 이루어 이름하여 ‘칭념(稱念)’이라고 합니다. 그런데 수령이 된 자는 모두 그 문벌(門閥)에서 많이 나왔기때문에 감히 따르지 않을 수 없으므로 무릇 공역(公役)이 있으면 공천과 양민으로하여금 담당하게 하고 사천에게는 미치지 아니하므로, 양민과 공천은 견디지 못하여대개 도망쳐 숨어서 사천에게 품팔이하는 자가 많으니, 비록 대대로 전(傳)하는 땅과집이 있을지라도 보존하지 못하고 모두 권문에게로 돌아갑니다. 이로 말미암아사천은 날로 편하고 부유하며, 향린(鄕隣)의 생활할 바를 잃는 것을 이용하여 무릇환난(患難)이 있으면 다투어 서로 헐뜯고 모함하는데, 하물며 서로 구호하겠습니까?이로써 양민과 공천은 날로 더욱 유리(流離)하여 부자(父子)가 서로 보호하지 못하고부부가 서로 돌보지 못하니, 민생(民生)의 어려움이 오늘보다 심함이 없으며, 나라의근본이 튼튼하지 못하다고 이를 만합니다.신이 살피건대, 지금 경외관(京外官)의 고만(考滿)의 오래고 빠름이 이미 다른데,전하께서 즉위(卽位)하신 처음에 하교(下敎)하기를, ‘육조낭관(六曹郞官)으로 고만(考滿)한 자는 모두 수령으로 제수하라.’고 하였습니다. 그러다가 갑자기 정지하고행하지 아니하시니, 이로써 수령의 임명이 더욱 천해졌고, 또 수령에서 경직(京職)에제수된 자가 얼마 안 되어, 또 수령에 임명되면 두 번 세 번 보외(補外)되어 오랫동안승직(陞職)되지 않으니, 수령이 된 자가 어찌 불우(不遇)함을 탄식하는 마음이 없겠습니까? 이런 까닭에 조금의 재예(才藝)가 있거나 세력을 가진 자는 모두 수령이되기를 원하지 아니하니, 만일 어버이를 위하는 자가 아니면 대개는 불령(不逞)하고무식(無識)한 무리로서 처자(妻子)를 먹여 살리기 위한 자입니다. 그러므로 단지백성들에게 함부로 세금을 거두어 사리(私利)를 취하고 권세가(權勢家)에게 뇌물을주는 것만 알 뿐이니, 그 임금의 근심을 나누어서 다스림을 함께 하며 정사에 부지런하고 백성을 불쌍하게 여기는 일에는 어떠하겠습니까? 지난번 김주(金澍)의 일이또한 징험할 것입니다. 사람들이 모두 말하기를, ‘이는 지금 수령들의 예사일인데,단지 김주만 불행히 실패하였을 뿐이다.’라고 하니, 그렇다면 수령이 될 만한 사람을얻기가 또한 어렵지 아니하겠습니까? 신은 청컨대 고만(考滿)의 월수(月數)를 개정하여 경외관(京外官)의 차이가 없게 하여, 수령으로서 고만한 이는 먼저 육조 낭관으로 제수하고 육조의 고만(考滿)한 자는 먼저 수령으로 제수하며, 또 좌병(座屛)에8도 고을의 수령의 이름을 써서 상시로 보고 살피며, 가끔 제비를 뽑아서 공명정직(公明正直)하고 대체(大體)를 잘 아는 신하를 비밀히 보내어 바로 그 고을에 이르러백성의 병폐를 조사하여서 출척(黜陟)을 가하면, 수령의 탐혹(貪酷)함이 없어지고순리(循吏)가 많아질 것입니다. 지금 비록 어사(御史)를 보내지만, 맡는 바가 많고전교를 받는 것이 은밀하지 못하기 때문에 윤명(綸命)이 겨우 내리자마자 소문이먼저 이미 사방에 전달되니 아무리 밝게 살피는 어사일지라도 어디로 쫓아가서 거핵(擧？)하겠습니까? 신이 듣건대 감사(監司)가 된 자가 모두 말하기를, ‘한 도의수령이 최(最)에 해당되는 자가 몇이나 있겠는가? 만약 참되게 출척(黜陟)한다면 온전한사람이 없을 것이지만, 허다한 고을의 뒤에 와서 현재의 수령을 대신할 자도 이와같지 아니할 것을 어찌 알겠는가? 모두 내치면 맞이하고 전송하는 폐단만 더할 것이니, 차라리 용납해 두는 것만 같지 못하다.’고 하며 인순고식(因循姑息)하여 풍속을이루었으니, 어찌할 수가 없습니다. 또 하물며 감사가 갈리는 것은 겨우 주기(周期)이니, 고을을 순행해 살피는 것이 겨우 한두 번에 지나지 아니하는데, 어찌 능히〈수령의〉어질고 어질지 못함을 다 알겠습니까? 그런데도 한 가지 일과 한 가지허물로써 갑자기 출척(黜陟)을 가한다면, 어찌 그릇되지 아니하겠습니까? 지금을 위하는계책으로는 감사를 신중하게 임명하여 그 벼슬에 오래 있게 하고 기년(期年)으로바꾸지 말게 하면, 수령의 어질고 어질지 못함을 자세히 알 수 있어 출척이 그릇되지아니할 것입니다.신이 듣건대 사람들이 모두 말하기를, ‘우리나라는 땅이 좁아서 반드시 유현(遺賢)이없을 것이다. 만일 있다면 어찌 알지 못하겠는가?’라고 하나, 신은 홀로 그렇지 아니하다고 생각합니다. 『전(傳)』에 이르기를, ‘십실(十室)의 고을에도 반드시 충신(忠信)이 있다.’고 하였는데, 우리나라만이 어찌 홀로 그러하지 아니하겠습니까? 오직좌우에게 구하기를 독실히 아니하고 쓰기를 오로지 아니하는 데에 있을 뿐입니다.신이 듣고 보아 기억하는 자도 오히려 두서넛이 있으니, 함양현(咸陽縣)에 사는정여창(鄭汝昌), 태인현(泰仁縣)에 사는 정극인(丁克仁), 은진현(恩津縣)에 사는강응정(姜應貞)이라고 하는데, 모두 성현(聖賢)의 무리입니다. 신의 듣고 본 바로도이와 같은데, 하물며 천만 사람의 듣고 보는 것이겠습니까? 아아! 부열(傅說)이 고종(高宗)을 만나지 아니하였으면 일개 농부(農夫)로 있었을 것이며, 여상(呂尙)이 문왕(文王)을 만나지 아니하였으면 일개 어옹(漁翁)일 뿐이었을 것인데, 누가 알았겠습니까?신이 또 보건대, 효자 경연(慶延)은 사직(社稷)의 기국(器局)이며 백리지재(百里之才)가아니므로, 전하께서 특별히 불러 보시자 당시에 중외(中外)의 유식한 자들이 모두말하기를, ‘한 세대가 흥(興)하는 데는 반드시 한 세대의 신하가 있는 것인데, 성상이성명(聖明)하여 즉위한 날이 오래되었으나 아직 인재를 얻지 못하였는데, 이제 경연을불러 보시니 반드시 합하는 바가 있을 것이다.’라고 하였습니다. 그런데 갑자기자급을 뛰어 올려서 6품 벼슬을 임명하자 듣는 자가 모두 말하기를, ‘장차 크게 쓰고자하기 때문에 두루 거쳐서 시험하려는 것이다.’라고 하며, 궁촌(窮村)의 등용되지 못한선비들이 모두 격앙(激昻)하여 목을 늘이고 기다렸는데, 마침내 이산 현감(尼山縣監)으로 돌아가자 듣는 자들이 모두 말하기를, ‘이 사람은 침정(沈靜) 온후(溫厚)하며편벽(便僻)하고 첩급(捷給)한 재주가 없어서 세상에서 물리치는 바가 되었으니, 진실로슬프고 한스럽다. 젊어서 벼슬을 구하지 못하고 늙어서 벼슬에 오르면 마침내 무슨보탬이 있겠는가?’ 하였습니다. 이제 만약 6기(六期)를 지나면 이미 지나치게 늙을터인데, 생애가 얼마나 되겠습니까? 그러한즉 이 일은 자못 선비를 권려하는 도리가아닙니다. 지금 인재 얻는 문(門)이 적지 아니하니, 이를테면 과거(科擧)·보거(保擧)·이임취재(吏任取才)·음취재(蔭取才) 등의 것입니다. 그러나 과거는 학문(學文)은 많으나 실무(實務)의 경험은 적으며, 보거는 인아(姻？)의 연고가 아니면뇌물과 청탁의 무리이며, 이임취재와 음취재는 가벼이 보고 마음을 쓰지 아니하니 한갓문구(文具)일 뿐입니다. 그런데 이로써 인재를 얻고자 한다면 소홀하다고 이를 만합니다.지금의 계책으로는 전하께서 본래 마음을 알고 있는 덕(德)이 높은 선비를 불차탁용(不次擢用)하여 좌우에 두고, 각각 덕업(德業)이 충분히 갖추어져서 족히 사표(師表)가될 만 한 자가 있으면 천거하게 하며, 그 다음은 뜻이 독실하고 배우기를 좋아하며마음이 어질고 행실이 닦여진 자를 모두 인견(引見)하고 경사(經史)와 시무(時務)를물어서 과연 어진가를 살핀 뒤에 임용(任用)하면 천거하는 자가 사사로이 쓰이지못할 것입니다.신이 듣건대 세종조(世宗朝)에는 공경대부(公卿大夫)로 부유(富裕)한 자가 심히드물었고 풍속이 검소함을 숭상하였으므로 백성들이 이제까지도 이를 칭송하는데,이제는 위로는 공경 대부부터 아래로 여항(閭巷)에까지 호협(豪俠)한 자들이 서로화식(貨殖)하기를 다투어서 작은 이익을 극진히 헤아리며 사치를 서로 숭상하고 남의것을 부러워하여 남과 같게 하기를 애쓰며, 잔치에는 먼 지방의 진미(珍味)가 상에가득하고 혼인에는 먼저 장획(臧獲) 재산을 논하기 때문에, 시속(時俗)을 따라 사치를아니하는 자가 드뭅니다. 퇴폐한 풍속이 여기에 이르렀으니, 진실로 탄식할 만합니다.신은 청컨대 공경대부들에게 모든 사치에 관계되는 일을 일체 금하게 하는 것이옳겠습니다.신이 살펴보건대 전고(前古)의 제왕(帝王)으로 어진 이를 써야 옳다는 것을 알지 못하는 이가 없었으나, 그 누가 어진 사람인지 알지 못하였으며 알게 됨에 미쳐서는또 뜻이 맞지 아니함이 많았습니다. 간사한 이를 버려야 옳다는 것을 알지 못하는이가 없었으나, 그 누가 간사한가를 알지 못하였으며 알게 됨에 미쳐서는 또 용인(容忍)함이 많아서 나라를 망하는 데에 이르게 한 자가 많았습니다. 신이 모르기는하나, 전하께서는 지금의 집정자(執政者)를 모두 어질다고 여기십니까? 어진 이와어질지 못한 이가 섞였다고 여기십니까? 비록 어질지 못한 이가 많으나 어진 이를얻지 못하였으므로, 자리를 비울 수 없어서 부득이하여 인원을 갖춘 것이라고 하십니까?또는 조종(祖宗)께서 이미 전에 들어 써서 전하께 주었으므로 마땅히 어질고어리석음을 묻지 아니하고 아울러 용납하여 조종의 뜻을 저버리지 아니하는 것입니까?당(唐)나라요(堯)임금 같은 성인(聖人)은 간사한 이와 광관(曠官)을 용납하는 실수가없었을 듯하나, 사흉(四凶)이 벼슬에 있었으므로 다음의 순(舜)임금이 곧 이들을 죄주었고, 한(漢)나라의 고조(高祖)·세조(世祖)와 당나라태조(太祖)는 모두 창업(創業)한불세출(不世出)의 임금이라 마땅히 사람을 임명하는 데에 실수가 없었을 것이라하겠으나, 한 때의 공신(功臣)이 끝내 몸을 보전하지 못하거나 혹은 벼슬을 맡지못하였으며, 혹은 그 병권(兵權)을 거두었습니다. 이로써 보면 비록 조종의 훈신일지라도 진실로 이윤(伊尹)·여상(呂尙)·자방(子房) 같은 무리가 아니면 권세를 빌려주어서 은혜를 상하게 할 수 없습니다. 이런 까닭에 진평(陳平)의 재주는 가히 더불어초(楚)나라를 도모할 수는 있었으나 더불어 수성(守成) 할 수는 없었으니, 기묘한계책은 많으나 그 중(中)이 없었기 때문입니다. 우리 세조께서는 하늘이 준 용지(勇智)와 일월(日月)처럼 밝음으로써 사람을 쓰는 데에 구비(具備)한 것을 구하지아니하고 장점과 단점을 비교하고 헤아려서 한 가지 재주에 이름이 있는 자는 쓰지아니함이 없기 때문에 한 때의 선비가 반린부익(攀鱗附翼)하여 모두 등용되었는데,이제 성명(聖明)이 세조에게 미치지 못하면서 그 신하들을 모두 쓰고자 하니, 그 벼슬을옮기는 즈음에 어긋나고 잘못됨이 없겠습니까? 이런 까닭에 세조께서 무인년에 예종(睿宗)에게 훈계하시기를, ‘나는 어려움을 당하였으나 너는 태평할 것이다. 일은세상을 따라 변하는 것인데, 만약 네가 내 행적(行跡)에 국한되고 변통할 줄을 모르면,이른 바 둥근 구멍에 모난 자루를 끼워 맞추는 격이다.’라고 하셨고, 『전(傳)』에이르기를, ‘사시(四時)의 차례는 공(功)을 이루어 놓은 자는 물러난다.’고 하였으며,『서경(書經)』에 이르기를, ‘신하가 총애(寵愛)와 이익으로 이루어 놓은 공(功)에머물러 있지 아니하면, 나라는 영구히 아름다움을 보전할 것이다.’라고 하였으니,전하는 살피소서.아아! 예로부터 임금은 누구라도 곧은 사람을 등용하고 굽은 사람을 버리고자 하지아니하겠습니까? 그러나 거처가 존귀(尊貴)하고 몸을 엄하게 가지며 여러 신하와더불어 접하는 데에는 절차가 있으니, 단정하고 공손하지 아니함이 없으므로, 응대(應對)에 능숙하고 말을 꾸며서 잘하는 자가 사랑을 받게 되어 혹 간사한 것을충성된 것으로 여기고 속이는 것을 곧은 것이라 여기니, 이에 주(周)나라사윤(師尹),진(秦)나라이사(李斯), 당(唐)나라이임보(李林甫)·양국충(楊國忠), 송(宋)나라 왕안석(王安石)·진회(秦檜)·한탁주(韓？胄)의 무리가 그 뜻을 펴게 된 것입니다. 아아!그 때를 당하여 임금이 능히 스스로 알고 밝게 펴서 유전(流傳)하지 못하였으므로후세 사람들을 슬프게 하였는데, 또한 후세에서 지금을 보는 것이 지금에서 예전을보는 것이 되지 않을지 어찌 알겠습니까? 오직 전하는 살피소서.신이 듣건대 학교는 왕정(王政)의 근본이며 정치를 내는 근원이라고 하는데, 이제안으로는 국학(國學)으로부터 밖으로는 향교(鄕校)에 이르기까지 스승이 된 자는 거개가부유(腐儒)로서 겨우 구두(句讀)만을 해득(解得)하였으므로, 비록 10년에 이를지라도옮겨서 승직(陞職)을 하지 못합니다. 이로써 교화(敎化)가 허물어지고 인재(人才)가쇠모(衰耗)하여 능히 서로 숭상하지 못하며, 유학(儒學)을 배우는 자는 경서(經書)에정숙(精熟)한 것을 스스로 누(累)라고 여기며 전적(典籍)·교수(敎授)가 될까 두려워합니다. 지금을 위하는 계책으로는, 어진 공경(公卿)들로 하여금 각각 경서에 밝고행실을 닦아서 사표(師表)가 될 만한 자를 천거하게 하여, 전하께서 모두 인견(引見)하고 경서를 강(講)하게 하여 그 사람의 고하(高下)에 따라서 성균관과 사학(四學)의 관원으로 삼아야 합니다. 그 다음은 각도의 향교에 나누어서 가르치게 하며,국학(國學)에서는 차례로 승천(陞遷)하여 대사성(大司成)에 이르러서 우천(右遷)하게합니다. 그리고 일찍이 〈대사성을〉지낸 자는 또한 지사(知事)의 벼슬로서 윤차(輪次)로 관(館)에 출사(出士)하여 학도(學徒)를 가르치게 하고, 외방(外方)에는 감사(監司)로 하여금 훈도(訓導)를 검핵(檢？)하게 하여, 그 직책에 능한 자를 추천하여서교수(敎授)에 보임(補任)하고, 교수로서 그 직책에 능한 자는 매년 각도에서 1인씩초탁(超擢)하여 서용(敍用)하게 하며, 고(考)에 비록 한 번이 중(中)일지라도 파출(罷黜)하여 풍속과 교화를 진흥시키소서.전하께서 즉위(卽位)한 이래로 공(功)이 같아도 상(賞)을 주는 것에 높고 낮음이 있었으며, 죄는 같은데 형벌에 가볍고 무거움이 있는 것이 많았으니, 어찌 상벌(賞罰)이적중함을 잃은 것이 아니겠습니까? 이로 말미암아 살펴보건대, 부렴(賦斂)이 과중한것과 공역(工役)이 번거로운 것과 혼인이 때를 잃는 것과 하정(下情)이 위에 통하지못하는 것은 수령에게 달려 있고 수령의 근본은 감사에게 있는데, 감사를 옳은 사람을얻고 상벌이 적중함을 얻는 것은 쓰고 버리는 여하에 달렸습니다. 지금의 폐단을구제하려는 자들이 모두 법을 엄하게 하고자 하는데, 법이 세밀할수록 폐단이 많은것은 알지 못하는 것입니다. 예전 진(秦)나라 말기에 이미 옳은 사람을 얻지 못하고다만 법에만 맡기니 법 밖의 간사함이 심하므로, 법이 세밀하지 못하다고 하여 다시가혹하고 엄한 법을 만들어서 그 흐름이 백성으로 하여금 수족(手足)을 놓을 바가없게 하여 〈나라가〉흙이 무너지는 듯한 형세가 되어 구(救)할 수 없게 된 것입니다. 그러니 어떻게 하는 것이 옳은 것이겠습니까? 인재를 얻는 데에 있습니다.사람들은 모두 인재를 얻는 것이 급하다는 것을 알면서도 그 이바지함이 학교에 있는것은 알지 못하며, 사람들이 모두 학교가 근본이 되는 것은 알면서 그 근원이 어디에있는 것은 알지 못합니다. 동중서(董仲舒)가 말하기를, ‘임금이 된 이는 그 마음을바르게 하여 조정을 바르게 하고, 조정을 바르게 하여 백관(百官)을 바르게 하며,백관을 바르게 하여 만백성을 바르게 하면, 멀고 가까운 지방이 감히 한결같이 바르지아니함이 없어서, 요사한 기운이 그 사이를 틈탈 수 없고 음양(陰陽)이 순조롭고 풍우(風雨)가 때를 맞춘다.’고 하였으니, 진실로 천 년 토록 바뀌지 아니할 정론(定論)입니다.오직 성명(聖明)께서 여기에 뜻을 두시면, 오늘의 재이(災異)가 상탕(商湯)의 가뭄이나태무(太戊)의 상곡(桑穀)과 같이 다시 종묘(宗廟)와 생민(生民)의 복이 되지 아니할것을 어찌 알겠습니까?”",4
"225","성종실록",91,1478,5,16,"토","유학(幼學) 남효온(南孝溫)이 다음과 같이 상소하였다.“신은 초야(草野)의 한 백성으로서 몸이 성대(聖代)를 만나 태평의 덕화(德化)를 입으니, 개나 말이 그 주인을 사랑하는 정성으로써 강개(慷慨)하여 배운 바를 말하고자 한 지 몇 해가 되었습니다. 이달 초하루에 하늘에서 흙비[土雨]가 내리자 이튿날하교(下敎)에 이러이러 하였으니, 아아! 상림(桑林)의 육책(六責)과 주(周)나라선왕(宣王)이 자신을 반성하고 덕행을 가다듬은 것이 이에서 더할 수 없습니다. 마음 쓰심이 이와 같으니 재이(災異)가 변하여 상서가 될 것입니다. 성왕(聖王)이면서 스스로 훌륭하다고 여기지 아니하고 아랫사람에게 구언(求言)하시므로, 신이 스스로 어리석음을 헤아리지 못하고 우러러 하나라도 얻어 본받으려 합니다. 신이 그윽이 보건대, 전하께서 즉위하신 이래로 날마다 경연(經筵)에 나아가 정치의 요도(要道)를묻고 어진 이를 구하기를 미치지 못할 것처럼 하시며 간하는 말에 따르기를 굴리듯하고 전대(前代)에 거행하지 못한 예(禮)를 거행하시며 전대에 행하지 못한 일을 행하시어, 금년에는 친히 석전(釋奠)을 행하시고 명년(明年)에는 친히 적전(籍田)을 가신다 하며, 금년에는 대사례(大射禮)를 행하시고 명년에는 양로례(養老禮)를 행하신다 하며, 백성을 불쌍히 여기는 조서(詔書)와 농사를 권려하는 글이 잇달아 내렸으니, 참으로 근고(近古) 이래로 있지 아니한 성주(聖主)이십니다. 그런데 어찌하여재이(災異)가 내리는 것이 또한 많습니까? 경인년여름에는 적지 천리(赤地千里)이었고, 임진년에는 가을에 복숭아와 오얏 꽃이 피었으며, 정유년에는 산이 무너지고 가물며 황충(蝗蟲)이 있었으며, 무술년에는 지진과 흙비가 있었습니다. 신은 생각하기를, 하늘이 성상을 사랑하여 그 덕을 닦게 하는 것이므로, 성주(聖主)는 두려워하여몸을 닦고 마음을 반성하는 것이 마땅할 줄로 압니다. 돌이켜 보건대, 신이 어리석고 고루하여 재이(災異)가 일어난 이유와 재이를 막을 방법은 진실로 알지 못하나,귀와 눈으로 보고 들은 바대로 우선 그 억측한 뜻을 진술합니다.그 하나는, 혼인을 바르게 하는 것입니다. 신이 듣건대, 『시경(詩經)』에서 관저(關雎)를 첫 머리로 한 것과 『역경(易經)』에 건(乾)·곤(坤)을 바탕으로 한 것은 부부(夫婦)의 도를 바르게 한 것입니다. 이런 까닭에 남자가 성장하면 아내를 두기를 원하고 여자가 성장하면 시 집가기를 원하는 것은 고금에 통하는 도리입니다. 옛 성인으로 그 원하는 것을 이루게 한 분이 있었으니, 문왕(文王)이 기(岐)를 다스린 것이바로 이것입니다. 이 때를 당하여 궁중(宮中)의 덕화(德化)가 집으로부터 나라에 미쳐서 남녀가 바르고 혼인을 때맞추어 하니, 안으로는 원망하는 여자가 없고 밖으로는 원한을 가진 남자가 없어서 천지가 화합(和合)하고 음양(陰陽)이 순조로와서 당시에는 요사한 기운이 그 사이를 틈타는 것이 없었으니, 도요(桃夭)의 시(詩)를 보면 알 수 있습니다. 이제는 그렇지 못하여 혼인하는 즈음에 사치를 다투어 숭상하여 남에게 이기기를 힘쓰기 때문에 사족(士族)의 자녀가 혼인할 시기를 잃어서 원한을 가진 자가 많고, 혹 그 부모가 죽으면 형제와 친족들은 재물에 탐욕을 내어그 무후(無後)한 것을 이롭게 여겨서 마침내 아내를 두거나 시집 가는 것을 못하게하므로 원망하는 기운이 심하여 천지의 화기(和氣)를 상하게 하니 작은 일이 아닙니다. 신의 어리석고 망령된 생각으로는, 혼인에 빙폐(聘幣)하는 즈음에 사치한 물건을 일체 금하고, 나이가 20세로서 혼인하지 아니하면 부모가 있는 자는 부모를죄책하고 부모가 없는 자는 형제를 죄책하며 형제가 없는 자는 족당(族黨)을 죄책하고 족당이 없는 자는 관가(官家)에서 음식과 의복을 주어서 남녀의 예(禮)를 이루게 하여 혼자 사는 원한을 없어지게 해야 할 것입니다. 원한의 기운이 사라지면 음양이 화하고 음양이 화하면 재이(災異)를 막을 수 있습니다.그 하나는, 수령을 고르는 것입니다. 신이 듣건대, 송(宋)나라 신하 주희(朱熹)가 효종(孝宗)에게 올린 상소에 이르기를, ‘사해(四海)의 이해(利害)는 백성들의 휴척(休戚)에 달려 있고 백성의 휴척은 수령의 어질고 어질지 못함에 달려 있다.’고 하였으니, 좋은 말입니다. 대개 천하의 정사를 임금이 능히 스스로 다스릴 수 없으므로 여러 수령에게 나누어 맡기는 것인데, 진실로 적당한 사람이 아니면 백성이 그 재앙을 받습니다. 지금도 수령을 선택하는 법이 엄하지 않은 것은 아니나, 잡과(雜科)의무식한 무리와 권문(權門)에 뇌물을 주고 얻는 무리가 또한 많이 있어서, 백성을 다스리는 데에 어둡고 정사를 돌보지 아니하며, 재물 쓰기를 절약하지 아니하고 백성을 부리기를 때에 맞추지 아니하며, 흉년이 들면, 백성을 무육(撫育)하는 방법이 어긋났다는 벌(罰)을 받을 것을 근심하여 사실대로 아뢰지 아니하고, 유민(流民)이 굶주리는 것을 고하면 양식을 주는 것을 계산하고 감독하는 수고로움을 근심하여 때를 맞추어서 주지 아니하니, 누가 능히 빈 배에 굶주림을 참고 한 말, 한 되의 은혜를 기다리겠습니까? 이리하여 옮겨 부잣집에 가서 사채(私債)를 빌리므로, 손발에굳은살이 박히도록 노력하는 공이 마치기를 기다려 채찍질하는 괴로움이 더욱 심하니, 이른 바, ‘눈앞의 종기는 고쳤으나 심장에 있는 살을 깎는다.’는 것입니다. 이런까닭으로 부자는 전토가 천맥(阡陌)을 연하였으나 가난한 자는 송곳 꽂을 땅도 없으니, 혹은 부잣집에 의탁하여 종이 되고 혹은 머리를 깎고 중이 되어 마을이 쓸쓸하며 열 집에 네댓집이 없어지는데도, 감사(監司)가 된 자는 오로지 공급(供給)과수응(需應)을 잘하는 것을 어질다 여기고 백성을 어루만져 기르는 근심은 묻지 않습니다. 그렇기 때문에 수령들이 마음대로 탐혹(貪酷)하여 백성의 고혈(膏血)을 착취하니, 의창(義倉)의 많은 속미(粟米)가 반은 사가(私家)로 들어가고 반은 권문(權門)으로 들어가도 예사로이 부끄러워함을 알지 못합니다. 슬프도다! 우리 백성이 누구를 의지하며 누가 구제하겠습니까? 그 호소할 곳은 하늘 에 부르짖는 것뿐인데미칠 수가 없으니, 이는 작은 일이 아닙니다. 신의 어리석고 망령된 생각으로는, 중한 법으로 다스리는 것보다는 먼저 사람을 고르는 것만 같지 못하며 이미 맡긴 뒤에 의심하는 것보다는 맡기지 않는 것만 같지 못합니다. 선택하는 방법은, 먼저 이조(吏曹)에 책문(責問)하여 글을 강(講)하고 논난(論難)하며, 겸하여 서판(書判)을살펴서, 이조에서 가한지를 본 뒤에 사헌부에 올리고 사헌부에서 가한지를 본 뒤에의정부에 올리며 의정부에서 가한지를 본 뒤에 전하께 올리고 전하께서 가한지를본 뒤에 등용해야 합니다. 그러면 전선(銓選)이 반드시 정밀할 것이고, 백성을 다스리는 벼슬에 옳은 사람을 얻을 것이며, 백성을 다스리는 벼슬에 옳은 사람을 얻으면 백성의 원망이 사라질 것이고, 백성의 원망이 사라지면 재이(災異)를 막을 수 있을 것입니다.그 하나는, 사람을 쓰는 것과 버리는 것을 삼가는 것입니다. 국가에서 사람을 쓰는데에는 문과(文科)·무과(武科)가 있고 잡학과(雜學科)가 있으며, 승음(承蔭)의 절목(節目)이 있고 이임(吏任)의 절목이 있으며, 과목(科目) 외에 또 효자(孝子)·순손(順孫)을 찾아 구하는 것이 있습니다. 그런데 경연(慶延)을 인견(引見)하고 임옥산(林玉山)·최소하(崔小河)를 거두어 썼으니, 사람을 쓰는 것이 마땅하였으며, 즉위(卽位)하신 7년에는 송희현(宋希賢)이 재물을 탐함으로써 사형을 받았고, 9년에는 김주(金澍)가 장리(贓吏)로써 귀양을 갔으니, 사람을 버리는 것이 마땅하였습니다. 그러나신이 그윽이 보건대, 경연(慶延)이 집에 있을 때에 효성한 마음이 순수하고 지극하여 하늘의 감동함이 또한 많았고, 규문(閨門)이 엄숙하고 이웃과 화목하며, 또 마음은 성리(性理)의 바른 도(道)에 통하였고, 학문은 경제(經濟)의 재주가 있어서 모두백리(百里)의 기국(器局)으로 기대하지 아니하였는데, 마침내 니산 현감(尼山縣監)으로 귀임(歸任)하였습니다. 그러므로 신은, 경연이 나이가 늙어서 물러가 죽을 날이이미 가까왔는데, 만약 6년을 지연하면 기이한 기국(器局)도 더욱 늙게 될 것이 염려됩니다. 또 신이 듣건대, 십실(十室)의 고을에도 반드시 충신(忠信) 한 사람이 있다고 하였는데, 산림(山林)의 유일(遺逸)이 어찌 몇 사람뿐이겠습니까? 성상께서 구하시는 여하에 달려 있습니다. 예전 연(燕)나라소왕(昭王)이 곽외(郭？)를 섬기자악의(樂毅)와 극신(劇辛)이 이르렀으니, 이제 전하께서 경연을 신임하시면 경연보다어진 사람이 천리를 멀다 아니하고 이르지 않겠습니까? 어진 사람과 군자(君子)가조정에 많이 모여 왕가(王家)를 좌우에서 도우면 재이(災異)를 막을 수 있을 것입니다.그 하나는, 내수사(內需司)를 없앨 것입니다. 신이 듣건대, 임금은 천하를 집으로 삼고 사해(四海)를 궁궐로 삼으니, 천하의 백성은 한 집 사람이며 나의 적자(赤子)라고 합니다. 이런 까닭에 옛 임금은 백성과 더불어 이(利)를 다투지 아니하였고 사사로이 간직해 두지 아니하며, 그 궁중(宮中)에서 쓰는 바는 경(卿)의 녹(祿)의 10배(倍)이니, 녹(祿)이 경(卿)의 10배가 되면 사사로이 간직하는 것이 없어도 족합니다.그런데 지금은 그렇지 아니하여 각 고을에 사제(私第)를 세우고 ‘본궁 농사(本宮農舍)’라고 일컬으며, 사사로이 곡식과 포백(布帛)을 비축하여 날마다 백성들과 더불어 매매하여 이익을 취하고, 또 서울 안에는 내수사(內需司)를 세워 별좌(別坐) 몇명과 허다한 서제(書題)가 고을에 왕래하면서 주구(誅求)함이 끝이 없으며, 조운(漕運)해 올려와 많이 쌓아 모아 놓아서 썩기까지 합니다. 혹은 이것으로써 음사(淫祀)를 수축하면서 말하기를, ‘국가에 관계되는 것이 아니고 본궁(本宮)에서 사사로이간직한 것이라.’고 하니, 아아! 하늘에 낸 재물은 단지 그 수(數)가 있을 뿐이므로,백성에게 있지 아니하면 나라에 있을 것이고 나라에 있지 아니하면 백성에게 있을것입니다. 신이 모르기는 하나, 내수사의 재물과 곡식은 다만 우리 백성에게 나온것이 아닙니까? 우리 조정의 다스리는 도(道)가 멀리 삼대(三代)를 따랐는데, 유독내수사 하나만은 한(漢)나라환제(桓帝)와 당(唐)나라덕종(德宗)의 고사(故事)를 그대로 따르니, 신은 그윽이 이를 부끄러워합니다. 전하께서 지난날에 이미 그 폐단을아시고 사채(私債)를 조금 줄이시자 온 나라의 백성들이 목을 늘이고 다스려지기를바라고 있습니다. 신의 어리석음으로 망령되게 원하건대 전하께서 공명(公明)한 도량을 넓히시어 소민(小民)의 폐(弊)를 밝게 살피시고 빨리 이 사(司)를 혁파(革罷)하여, 노비(奴婢)는 장례원(掌隷院)에 소속시키고, 미곡은 호조(戶曹)에 소속시키며,기용(器用)은 공조(工曹)에 소속시키고, 재백(財帛)은 제용감(濟用監)에 소속시키소서. 만약 왕자·왕손·공주·옹주(翁主)가 궁(宮)을 나가 사저에서 살면, 장례원에서 노비를 이바지하게 하고 호조에서 전지(田地)를 이바지하게 하며 공조에서 기용(器用)을 이바지하게 하고 제용감에서 재백(財帛)을 이바지하게 하여 각각 정한(定限)이있게 하고 궁중에서 사사로이 수용(需用)하는 것은 왕제(王制)의 십경록(十卿祿)에의하여 대체(大體)를 온전히 하고 민심을 위로해야 할 것입니다. 그래서 대제가 보존되고 민심이 기뻐하면 재앙을 막을 수 있을 것입니다.그 하나는, 무당과 부처를 물리쳐야 합니다. 신이 듣건대, 무당은 삼풍(三風) 가운데그 하나이며, 부처는 본래 서역(西域)의 교(敎)인데, 옛 제왕(帝王)은 모두 외면하고받아들이지 아니하였습니다. 『서경(書經)』에 이르기를, ‘보탬이 없는 일을 하지말라.’고 하였고, 또 이르기를, ‘음사(淫祀)를 섬기면 복이 없다.’고 한 것은 이 때문입니다. 전하께서 즉위하신 이래로 유아(儒雅)를 숭상하고 이단(異端)을 물리쳐서무당[巫覡]을 성밖으로 내쫓고 승도(僧徒)를 저자에 들어오지 못하게 하였으니, 온국민의 복이며 우리 유자(儒者)의 다행입니다. 그러나 음사(淫祀)는 파하면서 국무(國巫)의 설치는 그대로 있으니, 신은 국무가 무슨 일을 맡는지 알지 못하겠습니다. 불교를 배척하면서 주지(住持)를 두는 것은 그대로 있으니, 신은 주지기 무슨 직사(職事)인지 알지 못하겠습니다. 한갓 국름(國？)을 좀먹고 거짓 화복(禍福)을 과장해 말할 뿐입니다. 이에 백성들이 모두 말하기를, ‘나라에서도 성수청(星宿廳)이 있는데 소민들이 어찌하여 홀로 무당을 섬기지 아니할 것인가? 나라에도 선종(禪宗)·교종(敎宗)이 있는데 소민들이 어찌하여 홀로 부처를 섬기지 아니할 것인가?’라고하여, 이에 사람들이 아첨해 섬기기를 다투어서 혹은 은혜를 빌고 혹은 가사(家祀)라고 일컬으면서 여름·겨울이 없이 생·고(笙鼓)의 소리가 끊어지지 아니하며 사람의생사 화복(生死禍福)이 모두 무당에게서 말미암는 것이라고 이릅니다. 혹은 칠칠재(七七齋)라고 일컫고 혹은 수륙재(水陸齋)라고 일컬으며 혹은 일재(日齋)라고 일컫고 혹은 재승반불(齋僧飯佛)이라고 일컬으면서 오히려 미치지 못할까 두려워하여,사람의 수요 귀천(壽夭貴賤)과 사람이 죽은 후의 영고(榮苦)가 모두 부처에게서 말미암는다고 생각하니, 하늘에 대해 방자하고 신(神)을 속이는 것이 이보다 심함이없으므로, 천지의 화기(和氣)를 손상시키는 것은, 이것이 한 단서입니다. 신의 어리석고 망령된 생각으로는, 바람이 지나가면 풀이 쓰러지고 표목(表木)이 바르면 그림자가 곧으며, 위에서 좋아하는 것이 있으면 아래에서는 반드시 더 심하게 하는 자가 있으니, 전하께서 먼저 국무(國巫)를 없애면 음사(淫祀)가 저절로 없어질 것이며,전하께서 먼저 주지를 없애면 불사(佛事)가 시키지 않아도 저절로 그칠 것입니다.이단이 없어지고 하늘과 사람이 화합(和合)하면 재이를 막을 수 있을 것입니다.그 하나는, 학교를 일으키는 것입니다. 예전에 집에는 숙(塾)이 있고 당(黨)에는 상(庠)이 있고 술(術)에서 서(序)가 있고 나라에는 학교(學校)가 있어서, 사람이 나서여덟 살이 되면 소학(小學)에 들어가고 열 다섯 살이 되면 대학에 들어가니, 어디에서나 배우지 아니하는 곳이 없고 한 사람도 선비가 아닌 자가 없습니다. 대악정(大樂正)은 나이와 덕이 고매(高邁)한 사람으로서 시서(詩書) 육예(六藝)의 글과 효제충신(孝悌忠信)의 도(道)로 사람을 가르치기 때문에, 사람이 어려서부터 장성하기까지 습관이 몸에 젖어 천성(天性)처럼 되어 성리(性理)의 학문에 침잠(沈潛)되고 성현(聖賢)의 도(道)에 익숙하여, 이로써 어버이를 섬기면 효도하고 이로써 임금을 섬기면 충성하며 이로써 어른을 섬기면 공경하니, 재예(才藝)는 다만 여사(餘事)이었을 뿐입니다. 이제는 이미 가숙(家塾)과 당상(黨庠)은 없고 태학(太學)도 유명 무실(有名無實)하며 훈고(訓？)를 배우고 사장(詞章)을 익히는 것이 사람의 마음에 박힌것이 깊고 사람을 그르친 지가 오래되어서, 사유(師儒)가 된 자는 한갓 구두(句讀)만 일삼고 제자가 된 자는 갑을(甲乙)의 이름을 다투어, 장구(章句)를 아름답게 꾸미고 병사 여륙(騈四儷六)하며 방계곡경(傍蹊曲逕)으로 다만 청운(靑雲)만을 구하니,전하께서 누구를 얻어서 부리겠습니까? 그 사이에 비록 한두 사람 학문의 이치를궁구하며 참되고 올바른 선비가 있을지라도, 또한 태학에 나아가기를 즐겨하지 아니하며 사유(師儒)가 거기에 맞는 사람이 아닌 것을 부끄러워하니, 그 뜻은 대개,‘내가 저 사람에게서 도(道)를 배우려 하나 저 사람은 도(道)가 없으며, 내가 저 사람에게서 학업(學業)을 배우려 하나 저 사람은 학식이 없다.’고 생각하는 것입니다.신이 보건대, 그 말 또한 그릇되지 아니합니다. 신의 어리석고 망령된 생각으로는,성균관에 벼슬할 사람을 먼저 좌우에 물어서, 좌우에서 모두 좋다고 말한 뒤에 경상(卿相)에게 묻고, 경상이 모두 좋다고 한 뒤에 대부(大夫)와 사(士)에게 물으며,대부와 사가 모두 좋다고 한 뒤에 백성에게 묻되, 백성이 모두 좋다고 한다면 반드시 현인 군자(賢人君子)일 것입니다. 하나의 현인 군자를 얻어서 사표(師表)를 삼으면 배우는 자의 익히는 바가 저절로 바르게 되며 사람들이 효제 충신(孝悌忠信)의귀함과 사장(詞章)의 말습(末習)이 비루(卑陋)함을 알아서, 학교가 일어나고 인재가나올 것이니, 인재가 나와서 명신(名臣)이 성하게 되면 재이를 막을 수 있을 것입니다.그 하나는, 풍속을 바루는 것입니다. 사도(司徒)의 벼슬이 폐지되고부터 풍속이 날마다 야박하여지고, 시서(詩書)의 교육이 해이해지면서부터 풍속이 옛 〈풍속을〉회복할 수 없게 되었습니다. 헌의(獻議)하는 자가 모두 말하기를, ‘풍속이 날마다야박해지는 것은 시세(時勢)가 그러한 것이다. 세상의 도의[世道]가 점점 떨어지고인심이 요박(？薄)하여 풍속이 옛날 상태로 돌아갈 수 없는 것은 늙은 자가 다시젊어질 수 없는 것과 같다.’고 하나, 신은 그렇지 아니하다고 생각합니다. 당(唐)우(虞)의 풍속이 후하게 된 것은 당(唐)우(虞) 이전에 탁록(？鹿)의 싸움이 있었던 때문이며, 박읍(？邑)의 풍속이 후하게 된 것은 박읍 이전에 하걸(夏傑)의 난(亂)이 있었던 때문입니다. 한(漢)나라·당(唐)나라의 풍속이 후세가 되어서는 문(文)·경(景)의덕화(德化)는 은(殷)나라성왕(成王)·강왕(康王)에 비견할만하였고, 정관(貞觀)의 정치는 옛날에 비하여 손색이 없었으니, 어찌 전대(前代)의 풍속은 한결같이 후하고 후세의 풍속은 한결같이 야박하기만 하겠습니까? 한 번 다스려지고 한 번 어지러워지는 것이 대대로 서로 이어져서, 다스려지면 다시 어지러워지고 어지러우면 다시 다스려지는 것입니다. 고려(高麗) 5백 년 동안 풍속이 지극히 나빠서 동성(同姓)끼리혼인하여 짐승과 다름이 없었고 친상(親喪)을 줄여서 오랑캐의 풍속과 같았으며, 아들이 그 아버지를 평론하는 자가 있고 종[奴]이 그 주인을 평론하는 자가 있었습니다. 우왕(禑王)의 대에 미쳐서는 극도에 달하였는데, 비색(否塞)한 운수가 극도에달하면 태평(泰平)한 운수가 오는 것이므로, 우리 조선(朝鮮)이 운(運)을 열어 열성(列聖)이 서로 이어서 그 전함이 전하께 이르렀으니, 바로 다스려짐이 극함을 당한때입니다. 사도(司徒)의 법을 이제 다시 행할 만하고 시서(詩書)의 교육을 다시 거행할 만합니다. 전하께서 백성을 밝게 다스려서 백성이 착하게 변하여 화합(和合)하는 것은 당(唐)우(虞)의 풍속이며, 전하께서 스스로 덕을 공경하여 조야(朝野)의 사람들이 서로 양보하는 것은 주(周)나라 문왕(文王)의 풍속입니다. 전하께서 효제(孝悌)를 돈독히 하시면 풍속이 저절로 돈후(敦厚)할 것이고, 전하께서 몸소 절약하고 검소하시면 풍속이 저절로 근본을 힘쓸 것이며, 전하께서 허명(虛名)을 싫어하시면 풍속이 날로 실질(實質)을 좇을 것이고, 전하께서 이(利)를 말하지 아니하시면풍속이 날로 의(義)를 좇을 것입니다. 풍속이 옛 상태로 회복되는 것은 전하의 한몸에 달렸는데, 누가 후세의 풍속은 옛 풍속을 회복할 수 없다고 이르겠습니까? 비록 그러할지라도 우(虞)나라 순(舜)임금은 사흉(四凶)을 죄줌이 있었고, 공자(孔子)는 소정묘(少正卯)를 죽였으니, 완악하고 미련하여 가르침을 따르지 아니하는 자를벌주는 것은 성인(聖人)도 면치 못한 바입니다. 이제 몸이 옥당(玉堂)에 있고 지위가 당상(堂上)에 이른 자는 녹(祿)이 적지 아니한데, 한 명의 누이[妹]를 포용하여양식을 주어서 생활하도록 하지 않으니, 풍속을 손상시킴은 위에서부터 범하는데,하물며 그 밑의 사람이겠습니까? 『예기(禮記)』에 이르기를, ‘사람이 예(禮)가 없으면 비록 말이 능할지라도 역시 짐승과 같은 마음이 아니겠는가? 하였는데, 신 또한 사람이 어질지 못하면 아무리 학문이 있을지라도 장차 그것을 무엇에 쓸 것인가생각됩니다. 신의 어리석고 망령된 생각으로는, 전하께서 주관(周官)의 불효(不孝)·불목(不睦)한 형벌을 써서 한 사람에게 벌을 주어 그 나머지 사람을 경계하여 교화를 행하면 풍속이 바르게 될 것이며, 교화를 행하여 풍속이 바르게 되면 재이를 막을 수 있을 것입니다.그 하나는, 소릉(昭陵)을 추복(追復)하는 것입니다. 신이 삼가 살피건대, 세조혜장대왕(世祖惠莊大王)은 하늘이 준 용지(勇智)로써 일월(日月)같은 밝음을 가지시고 하늘과 사람의 도움을 얻어서, 큰 어려움을 깨끗하게 타개하여 집을 나라로 만들어서종사(宗社)가 거의 위태롭다가 다시 안정되었고 이 백성이 이미 죽었다가 다시 살아났는데, 뜻밖에 다스리는 교화가 바야흐로 흡족하게 되자 재앙이 그 틈을 일어가서, 병자년에 군간(群奸)이 난(亂)을 일으켜서 중외(中外)가 경동(驚動)하여 우리 사직(社稷)이 거의 기울었으나, 곧 잇달아 복주(伏誅)하여 거의 베어서 없앴는데, 남은화(禍)가 소릉(昭陵)에 미쳐서 20여년 동안 폐함을 당하여 원혼(？魂)이 의지할 바가 없을 것이니, 신이 모르기는 하나, 하늘에 계시는 문종(文宗)의 영(靈)이 홀로 제사를 받기를 즐겨하시겠습니까? 신은 배우지 못하고 재주가 없어서 견문이 천박하고 고루하니, 어떤 일이 어떤 상서로움을 부르고 어떤 일이 어떤 재앙을 부르는 것인지 진실로 알지 못합니다. 그러나 일을 상고하고 마음을 헤아리면 내 마음은 바로 하늘의 마음이며 내 기운은 바로 하늘의 기운이므로, 사람의 마음과 사람의 기운에 순응함은 바로 하늘의 마음과 하늘의 기운에 순응하는 것이고, 사람의 마음과사람의 기운에 순응하지 아니하는 것은 바로 하늘의 마음과 하늘의 기운에 순응하지 아니하는 것이니, 하늘의 마음과 하늘의 기운에 순응하지 아니하는 것은 재이를내리게 하는 소이(所以)입니다. 신의 어리석고 망령된 생각으로는, 소릉(昭陵)을 폐한 것은 사람의 마음에 순응하지 아니한 것이니, 하늘의 마음에도 아니한 바인 것을 따라서 알 수 있습니다. 비록 말하기를, ‘이미 허물어뜨린 신주(神主)를 다시 종묘(宗廟)에 들이는 것은 예(禮)에 부당(不當)하다고 한다.’ 면, 오직 마땅히 존호(尊號)를 추복(追復)하고 다시 예장(禮葬)하기를 일체 선후(先後)의 예(禮)와 같게 하여, 이로써 민심에 답하고 천견(天譴)에 답하며 조종(祖宗)의 뜻에 답하여 예사 일보다 만 배(倍)나 뛰어나게 하면, 어찌 아름답지 아니하겠습니까? 만약 말하기를,‘폐한 지 3대(代)를 지나 조종(祖宗)께서 거행하지 아니한 것을 이제 추복하여 예장하는 것은 불가하다.’고 한다면, 청컨대 세조(世祖)무인년의 훈계(訓戒)로써 이를 밝히겠습니다. 예종(睿宗)께 훈계하시기를, ‘나는 어려움을 당하였으나 너는 태평함을당할 것이다. 만약 나의 행적에 국한 되어 변통할 줄을 알지 못하면 나의 뜻을 따르는 바가 아니다.’라고 하였으니, 무릇 일은 행할 만한 때가 있고 행하지 못할 때가 있는데, 어찌 전대(前代)에 구애되어 변통함을 쓰지 아니하겠습니까? 하물며 우리 대명황제(大明皇帝)가 경태(景泰)를 추복(追復)한 어짐이 천지간에 밝게 있는 데이겠습니까? 이는 바로 당대(當代)의 일입니다. 엎드려 원하건대 전하께서 유의(留意)하여 채택하시면, 어찌 재이만 그치게 할 뿐이겠습니까? 장차 신인(神人)이 화합하고 천지가 안정되며 만물이 육성되어서 모든 복된 물건이 이르지 아니함이 없을것입니다. 옛사람이 이르기를, ‘천심(天心)이 인군(仁君)을 사랑하여, 재이를 보이는것은 그 덕(德)을 굳게 하려는 소이(所以)이며, 화(禍)를 보이는 것은 그 뜻을 삼가게 하려는 소이(所以)이다.’라고 하였으니, 전하께서 그 덕을 굳게 하고 그 뜻을 삼가면 오늘의 흙비[土雨]가 내일의 감로(甘露)·예천(醴泉)이 될 것입니다. 신은 여염(閭閻)의 한 포의(布衣)이므로 천문(天門)이 아홉 겹이라서 말을 올릴 길이 없었는데, 천재일우(千載一遇)의 때를 만나 특별히 구언(求言)의 조서(詔書)를 내려서 재이를 막을 방법을 듣고자 하시니, 마음속으로 기뻐서 많은 말이 광참(狂僭)됨을 깨닫지 못하였습니다. 그렇게 된 것은 또한 가의(賈誼)가 통곡하고 눈물을 흘린 뜻이며,전석(田錫)이 조석(朝夕)으로 근심한 마음입니다. 아아! 한(漢)나라문제(文帝) 대(代)에는 정치의 융성함이 비할 데가 없었고, 태평 흥국(太平興國)은 천 년에 한 번있는 좋은 시대이었는데도 두 신하의 마음이 이와 같았으니, 임금에게 충성하고 나라를 근심함이 지극하였습니다. 돌아보건대 신의 원하는 바는 창해(滄海)에 넓음을더하고 일월(日月)에 빛을 더하게 하고자 하는 것이니, 부월(？鉞)의 형벌을 너그럽게 하여 구언(求言)의 길을 넓힌다면 다행이겠습니다. 만 번 죽음을 무릅쓰고 아룁니다.”명하여 승정원에 보이게 하니, 도승지(都承旨) 임사홍(任士洪)이 아뢰기를, “신이이 상소를 보건대, 거기에 이르기를, ‘내가 저 사람에게서 도(道)를 배우려 하나 저사람은 도가 없고, 내가 저 사람에게서 학업(學業)을 배우려 하나 저 사람은 학업이없다.’고 하였으니, 남효온은 한낱 유생(儒生)으로서 사유(師儒)가 적당한 사람이 아닌 것을 부끄러워함은 옳지 못합니다. 거기에 이르기를, ‘몸이 옥당(玉堂)에 있고벼슬이 당상(堂上)에 이르러 녹(祿)이 후하지 아니한 것이 아닌데, 오히려 한 명의누이를 포용하여 양식을 주어서 생활하도록 하지 아니한다.’고 하였으니, 이는 반드시 가리킨 바가 있을 것인데, 국가에서 이를 듣고 묻지 아니하면 또한 옳지 못합니다. 거기에 말한, ‘소릉(昭陵)을 추복(追復)하라.’는 것은, 이는 신자(臣子)로서 의논할 수 없는 바인데 지금 남효온이 마음대로 의논하였으니, 또한 옳지 못합니다.” 하니, 전교하기를, “소릉을 이제 다시 의논함은 부당하다. 그가 말한, ‘한 명의 누이를용납하지 못하였다.’고 한 것은, 한 선비의 말을 듣고 물을 수는 없다.” 하였다.임사홍이 아뢰기를, “이 상소는 심원(深源)의 상소와 서로 같습니다. 심원이 경연(慶延)과 강응정(姜應貞)을 천거하였는데 남효온도 경연을 추천하였습니다. 신이 삼가 듣건대, 남효온의 무리에 강응정·정여창(鄭汝昌)·박연(朴演) 등과 같은 이가 있는데, 따로 한 무리를 만들어서 강응정을 추숭(推崇)하여 부자(夫子)라고 하고 박연을가리켜서 안연(顔淵)이라고 하며, 항상 소학(小學)의 도(道)를 행한다고 이름하여 서로 이론(異論)을 숭상하니, 이는 진실로 폐풍(弊風)입니다. 한(漢)나라에는 당고(黨錮)가 있었고, 송(宋)나라에서는 낙당(洛黨)·촉당(蜀黨)이 있었습니다. 이 무리들은예전에 미치지는 못하나 족히 치세(治世)에 누(累)가 되므로 점점 커지게 할 수 없습니다. 또 포의(布衣)로서 국가의 정사를 의논하니 더욱 옳지 못합니다.”하니, 전교하기를, “이제 구언(求言)의 명령이 있었으니, 말이 비록 적중하지 못하였을지라도 어찌 물을 수 있겠는가?” 하였다.",3
"226","성종실록",91,1478,5,18,"월","경연(經筵)에 나아갔다. 강(講)하기를 마치자, 장령(掌令) 김제신(金悌臣)이 아뢰기를, “금년 봄에 지진과 흙비[土雨]가 있었고 또 가뭄의 징조가 있으니, 흉년에대비할 계책을 미리 거행하는 것이 마땅합니다. 청컨대 사가(私家)의 영선(營繕)을 금하고 또 술을 금하는 법을 세우소서.” 하니, 영사(領事) 노사신(盧思愼)이 아뢰기를, “사가의 영선은 재목을 이미 갖추어 놓았는데, 금하면 이것도 폐가 있습니다. 또 술을 금하는 것은 유익함이 없으니 적발된 자는 모두 가난한 사람이며,또 술을 금하는 것을 성내(城內)에만 행하면 무엇이 유익하겠습니까?” 하자, 임금이 말하기를, “옳다.” 하였다.",2
"227","성종실록",91,1478,5,22,"금","사헌부에서 계달하기를, “요즘 흙비와 지진이 있었고 성 안에 불이 나서 수백 집이 연소(延燒)되었으니 재변이 이상하고, 또 가뭄의 징조가 있으니 모름지기 상하(上下)에서 몸을 닦고 마음을 반성하여야 할 것이므로, 늙고 병들어 약으로 먹거나 혼인과 제사 외에는 일체 술을 금하여 천견(天譴)에 답하게 하소서.” 하니, 그대로 따르되, 다만 부모의 헌수(獻壽)와 백성 다섯 사람 이하가 술을 마시는 것은금하지 말게 하였다.",3
"228","성종실록",93,1478,7,9,"목","경상도(慶尙道)의 청송(靑松)·영천(榮川)·예천(醴泉)·용궁(龍宮)·문경(聞慶)·함창(咸昌)·상주(尙州)·영천(永川)·하양(河陽)에 지진(地震)이 있었다. 예조(禮曹)에서 청하기를, “향(香)과 축문(祝文)을 내려 그 도(道)의 도사(都事)로 하여금 해괴제(解怪祭)를 지내게 하소서.” 하니, 그대로 따랐다.",7
"229","성종실록",95,1478,9,1,"화","예조(禮曹)에서 아뢰기를, “지난 6월 29일에 경상도(慶尙道)성주(星州)·선산(善山)·영천(永川)·하양(河陽)·인동(仁同) 등의 고을에 지진이 있었으니, 청컨대 향축(香祝)을 내려서 해괴제(解怪祭)를 행하게 하소서.” 하니, 그대로 따랐다.",3
"230","성종실록",114,1480,3,29,"수","경상도(慶尙道)의 김해(金海)·웅천(熊川)·동래(東萊)에 지진(地震)이 있었다.",3
"231","성종실록",131,1481,8,2,"목","충청도관찰사(忠淸道觀察使)가 치계(馳啓)하기를, “공주(公州)·회인(懷仁)·문의(文義)등의 고을에 지진(地震)이 있었습니다.”라고 하였다.",3
"232","성종실록",133,1481,10,8,"월","경상도(慶尙道) 안음현(安陰縣)과 거창현(居昌縣)에 지진(地震)이 일어났으므로, 명하여 해괴제(解怪祭)를 지내게 하였다.",2
"233","성종실록",143,1482,7,16,"화","경상도의 창원(昌原)·김해(金海)·진해(鎭海)·웅천(熊川)에 지진(地震)이 있었다.",7
"234","성종실록",161,1484,1,13,"화","전라도(全羅道) 나주(羅州)·함평(咸平)·화순(和順) 등의 고을에서 지진(地震)이 일어났다.",3
"235","성종실록",162,1484,1,30,"금","전라도(全羅道) 나주(羅州)·함평(咸平)·화순(和順) 등의 고을에서 지진이 일어났다.",1
"236","성종실록",162,1484,2,4,"수","도성(都城) 및 충청도·전라도에 지진이 있었다.",3
"237","성종실록",197,1486,12,17,"일","사헌부 대사헌(司憲府大司憲) 이경동(李瓊仝) 등이 다음과 같이 상소를 올렸다. “신등이 구양수(歐陽脩)의 글을 보니 ‘왕도정치를 행하는 사람이 천하를 가지고 있을때에는 천지에 순응해서 다스리는 한편, 만물에서 재료를 취하여 그 용도를 충족시킨다. 만약 정사가 그 도를 얻고 취하는 것이 그 한계를 지나치지 않으면 천지가순하게 이루어지고 만물이 무성하며 백성들이 편안하고 즐거울 것이니, 이를 지극하게 다스려진 것이라고 말한다. 만약 정치가 그 도를 잃고 물건을 지나치게 사용하여 백성들이 그 해를 입어 근심하고 괴로워하면, 천지의 기운이 어지러워지고 삼광(三光)의 운행이 정상적으로 이루어지지 않게 됩니다. 그렇게 되면 음과 양, 추위와 더위가 절차를 잃어 수재와 한재, 충재(蟲災)·바람·우박·천둥·벼락이 있게 되고산이 무너지며 물이 넘치고 하천이 마르거나 서리와 눈이 시기를 잃고 비는 제대로내리지 않으며, 혹 안개나 무재개, 괴이한 빛깔의 종류가 발생하게 되는데, 이는 천지 재이 가운데 엄중한 것으로 모두 어지러운 정치로 인해 나오는 것이다. 그 발생하는 것을 고려하여 사람의 일을 가지고 징험해 보면 그 정치의 잘못과 비슷한 종류들이 이르게 된다. 논어(論語) 에는 빠른 우레와 급한 바람에도 태도가 변하지않는다. 라고 했는데, 대체로 군자가 하늘을 두려워하면서 물건이 정상적인 것에서어긋나서 변하는 것 속에 그 본성을 잃는 것이 있음을 보게 되면 그렇게 된 원인을생각하여 경계하고 두려워하며, 비록 미세한 것이라도 감히 소홀히 하지 않는다.’고하였습니다. 이 말은 참으로 뜻 있는 것입니다.이번 11월 경신일(庚申日) 밤에 천둥이 치고 비가 갑자기 내렸다가 한식경이 지나서 그쳤는데, 전하께서 진심을 다해 경계하고 두려워하여 간곡하신 명을 내려 옥사를 의논하고 사건을 판결하여 원통하고 억울함이 없도록 하라 하였으니, 하늘을 두려워하고 백성들을 근심하시는 생각이 지극이 정성스럽고 간절하였습니다. 그래서위로는 하늘의 마음에 사무치고 아래로는 백성의 뜻에 흡족하며, 재앙이 변하여 상서로움이 될 것을 서서 기다릴 수 있습니다. 신 등은 배움이 정밀하지 못하고 하늘과 사람 사이에 감응하는 이치에 대해서는 천박한 지식으로 헤아릴 수 없으면서 사헌부에서 세월만 허송하고 하는 일 없이 녹록한 존재로 인원수만 채워 녹봉만 도둑질 하고 있습니다. 지금 재이 (災異)가 경계를 보여 밤낮으로 두려워하시는 때를 당하여 그릇 언관의 책임을 더럽히고 있으니, 침묵을 지키면서 자리만 굳히는 것은신에게는 득이 되겠습니다만, 국법에는 어떻겠습니까? 진실로 이를 염려하는 바입니다. 전하께서 즉위하신 것이 지금 18년입니다. 모든 정사에 전념을 다하셔서 날로 삼가시고 놀이하고 사냥함을 즐거워하지 않으시며 술과 음악에 빠지는 실수가없습니다. 그리고 올바른 말을 목마른 것처럼 구하셨고 사람을 쓰실 때에는 자신의몸처럼 여기셔서 대간(臺諫)이나 시종하는 신하와 아래로는 초야의 천한 사람들까지도 함께 일을 도모하고 계책을 세우시며, 각각 의견을 진술하면 조용히 불러 들여 뭇사람의 뜻을 모두 다 받아들이기에 힘썼습니다. 그래서 말이 비록 맞지 않아도 죄를 가하지 않았고 조금이라도 받아들일만한 것이 있으면 반드시 받아들여 사용하려고 하셨으니, 정사를 시행함에 다스려지는 것을 원해 듣고 결단하시는 데 힘쓰시는 미덕은 당(唐)·우(虞)·삼대(三代)의 거룩한 시대라고 하더라도 이보다 낫겠습니까? 그러나 성상께서는 어찌 나의 다스림이 이미 충분하다고 하여 태만하게 생각하시겠으며, 신 등도 어찌 감히 성상의 다스림이 말할 만한 것이 없다고 하여 아첨이나 하면서 기쁨을 사겠다는 뜻을 가지겠습니까? 수년 이래로 가뭄과 장마가 겹쳐서 흉년이 들고 벌레가 농사를 망치므로, 백성들이 많이 흩어져 마을이 삭막하고도둑들이 설치고 있습니다. 지금 겨울철이 되었어도 천지의 기운이 조화롭지 않고만물이 잠을 자는 겨울철인데도 바람과 비가 잦고 천둥이 치는데, 하늘의 도는 멀고 사람의 일은 가까우니 그 까닭을 강구하면 그렇게 된 이유가 무엇이겠습니까?삼가 고찰해 보면 예기(禮記) 월령(月令) 편에 ‘한 겨울에는 일하는 사람들에게명하여 토목공사를 일으키지 말며, 삼가 덮은 것을 헤치지 말고 집을 열어 헤치거나 많은 사람들을 동원하지 말고 굳게 닫아 두어야 한다. 땅 기운이 새도록 하면이는 천지의 방(房)을 열어 젖히는 것이니, 모든 벌레가 죽고 백성은 반드시 병이들 것이다. 한 겨울에 여름에 시행해야 하는 정치와 명령을 내리게 되면 그 나라에가뭄이 들고 검은 기운이 끼며, 우레가 소리를 발한다.’라고 기록되어 있습니다. 또 후한서(後漢書) 오행지(五行志) 에는 ‘안재(安宰) 영초(永初) 6년(112) 10월 병술일(丙戌日)에는 여섯 고을에 겨울 천둥이 쳤다.’고 하였고, 그 주석서 경방(京房)의 점(占)에는 ‘하늘이 겨울에 천둥을 치면, 땅에서는 반드시 지진이 난다’라고 하였고, 또 ‘임금의 명령이 시끄럽게 된다.’라고 하였습니다. 또 ‘천둥은 11월 황종(黃鍾)에서 일어나 2월에 크게 소리가 나고 8월에는 잠복하는 것인데, 이것은 봄과 여름에 죄없는 사람을 죽이면서 겨울을 기다려 집행하지 않았기 때문에 생긴 것이다.숨었던 벌레가 나와 다니는 것을 구하지 않으면 겨울이 따뜻하고 바람이 불며, 그이듬해에는 질병이 유행한다. 구하는 대상에 있어서는 어린 고아를 보호하고 부족한 것을 보조하며, 옥사의 형벌을 의논하여 벌을 너그럽게 용서하면 재앙이 사라진다.’고도 하였습니다. 신 등이 가만히 생각해 보니, 하늘의 변화를 가지고 이 일들을 추정해 보면 맞는 것도 있고 맞지 않는 것도 있으며, 같은 것도 있고 같지 않은것도 있으니, 예부터 내려오면서 다 지적하여 자세하게 말할 수는 없？니다. 그러나지금 전하께서 재이를 만나 두려워하시면서 먼저 옥중의 죄수를 생각하시는 것은진실로 옛 사람들이 옥사를 의논하고 형벌을 용서한다는 말과 부합하니, 그 재이가사라지는 것은 밝은 시대에 묵묵히 부합될 것입니다. 그리고 작은 마을들의 일반백성들이 연달아 장마와 가뭄의 재해를 만나 입고 먹는 데 급급하여 생활을 즐기지못한 것이 오래되었습니다. 비록 금년에 약간의 풍년이 들었다고 하지만 세금을 거두는 것이 번거롭고 무거운데다 환자곡[還上穀] 바치기를 급하게 독촉하므로 농가의 괴로움은 풍년이나 흉년이나 모두 고통스럽습니다. 만약 이들을 구제하지 않으면 백성들이 떠돌아 다니다가 길에서 굶주려 쓰러지는 자들이 반드시 지난 해보다심할 것입니다. 신 등의 생각으로는 고아와 어린아이를 보호하고 부족한 것을 구제하는 이것이 지금 하늘의 변화에 응하고 사람의 일을 닦는 데 가장 급선무라고 생각합니다.…(후략)…”",4
"238","성종실록",207,1487,9,26,"수","전라도 전주(全州)·고산(高山)·금구(金溝)·임실(任實)에 지진(地震)이 있었다.",1
"239","성종실록",255,1489,3,9,"월","강원도 고성(高城)·간성(杆城)·삼척(三陟)·인제(麟蹄)·강릉(江陵)에서 지진(地震)이있었다.",5
"240","성종실록",274,1493,2,24,"일","경성(京城)에서 지진(地震)이 있었다.",1
"241","성종실록",274,1493,2,25,"월","의정부영의정(議政府領議政) 윤필상(尹弼商) 등이 와서 “도성(都城)에서 지진(地震)이 난 것은 신(臣) 등이 관청의 일을 소홀하게 한 탓으로 말미암은 것이니, 사직하기를 청합니다.”라고 아뢰니, 임금이 명을 내려 “그것이 어찌 경(卿) 등의잘못이겠는가? 땅의 도는 안정됨이 중요한 데 지금 그와 같았으니 임금과 신하가서로 수양하여 하늘의 견책에 답하는 것이 마땅하다.”라고 말했다. 윤필상이 다시“신은 덕망(德望)도 없으면서 오래도록 수상(首相)의 자리에 있어서 여러 번 비평을 받았으니 면직(免職)시켜 주시기를 청합니다.”라고 아뢰었다. 또 노사신(盧思愼)·허종(許琮)은 “하늘은 임금과 같고 땅은 신하와 같으니, 이번에 지진이 일어난 것은 오직 신 등 때문입니다. 면직시켜 주시기를 청합니다.”라고 아뢰었다. 그러자 임금이 명을 내려 “잘못은 사실 나에게 있는데, 경 등에게 무슨 관계가 있겠는가? 다만 형벌(刑罰)을 관장하는 관리가 옥사(獄事)를 명확하고 신중하게 처리하지 못하여 억울함이 생겼을 뿐이다. 한(漢)나라에서 삼공(三公)을 면책(免責)시킨 것이 어찌 잘한 것이겠는가?”라고 하였다.",2
"242","성종실록",274,1493,2,26,"화","의정부(議政府)에 명을 내려 “땅이란 만물(萬物)을 싣고 있으면서 지극히 무거우므로, 안정(安靜)되어 움직이지 않는 것이다. 이달 9일에 경성(京城)에서 지진(地震)이 있었는데, 그 안정되지 못하게 된 이유를 추구해 보니 잘못은 진실로 나에게 있다. 그러므로 매우 간절하고도 두려움을 느낀다. 그런데 조정이나 지방에서옥관들이 공경하는 마음과 신중한 생각이 없어서 인명을 손상시켰거나, 또는 옥사를 듣고 판단하는 것을 게을리하여 이를 미루어 두었거나 하였기 때문이다. 그래서 조화로운 기를 손상시키고 재변을 불러온 것이 이 때문에 아닌지 염려스럽다. 무릇 모든 관직에 있는 사람들은 더욱 그 직임에 충실하여 옥송이 지체되지않도록 하고 억울함이 모두 풀리도록 하여, 우리 백성들의 원망과 억울함을 모두제거하는 데 힘써서 위로 하늘의 견책에 답하고 내가 스스로를 닦고 돌이켜 보는뜻에 부응하도록 하라.”고 하였다.",2
"243","성종실록",274,1493,2,26,"화","사헌부대사헌(司憲府大司憲) 이세좌(李世佐) 등이 “신 등이 듣기로, 하늘은 사사로이 덮어줌이 없고 땅은 사사롭게 실어주는 게 없으며, 해와 달은 사사롭게 비추는 것이 없다고 하였습니다. 임금은 이 세 가지의 사사로움이 없는 것을 받아들여 한 세상의 옳고 그름과 옳지 않고 올바른 것들이 모두 우리의 법령 밖으로벗어나지 못하게 한 후에야 사람의 마음이 기꺼이 승복하고 조화로운 기가 널리퍼져 혜성이 나타나거나 산이 무너지거나 지진이 일어나는 등의 이변이 없어질것입니다. 그래야 태평한 정치를 말할 수 있을 것입니다. 전하께서는 정신을 기울여 다스리고자 하였고 계획하기를 좋아하시며 과단성이 있었는데, 근년 이래로성상의 학문이 날로 고명해지시니, 그 고명함만을 믿고 밖으로 간언을 따르는 자취를 보이면서도 안으로 마음대로 결단하는 일이 많았습니다. 그래서 좋아하고싫어함이 모두 이치에 합당하지 않고 형벌가 정치가 모두 적절하지 못하게 되었습니다. 신 등이 이를 조목별로 말씀드리겠습니다. …(후략)…”라고 하였다.",3
"244","성종실록",277,1493,6,4,"화","경연(經筵)에 나아갔다. 강연을 마치자 대사간(大司諫) 이덕숭(李德崇)·지평(持平)홍한(洪瀚) “지난 번에는 가뭄이 심하지 않아도 술을 금한 것은 하늘의 경계를삼가고 낭비를 줄이기 위한 것이었습니다. 이제 가뭄이 심하니 금주령을 시행하소서.”라고 아뢰니, 임금이 “가하다”라고 말하였다. 이덕숭 등이 또 “여러 군(君)의 집을 짓는 일은 그치지 않습니다. 올해에는 우박이 내리고 지진이 일어나는재이가 자주 나타나는데다가 가뭄의 재앙까지 더하므로 토목일을 사람들이매우괴로워합니다. 어떻게 원망을 일으켜 조화로운 기를 상하지 않겠습니까?”라고 아뢰니, “그렇다”라고 말하였다. …(후략)…",2
"245","성종실록",278,1493,6,25,"화","…(전략)… 황계옥이 “성상께서 고집하여 깨닫지 못하시므로, 이러한 폐단이 있더라도 다들 말하려 하지 않으니, 뒤에 이보다 큰 것이 있더라도 누가 다시 말하겠습니까? 임금은 자신을 버리고 간언하는 말을 받아들여야 하는데, 지금 성상께서는 백성들의 폐해를 아신다고 하더라도 굳이 집을 지으려고 생각하신다면, 백 가지로 아뢰더라도 말이 받아들여지지 않을 것입니다. 그러나 성상께서 깨달으셨다면 의논과 생각을 통해 그 폐단을 없애야 할 것입니다. 요즈음 하늘에서 내리는재이가 있어서 지난해 동짓달에는 천둥과 번개가 쳤고 올해 2월에는 지진(地震)이 있었으며 4월에 우박이 내리고 이제는 또 가무니, 하늘과 사람의 도리가 비록미묘하여 알기 어렵기는 하지만 어찌 토목(土木)일 때문이 아닌 줄 알겠습니까?옛사람들은 ‘백성이 원망하면 하늘이 노한다.’라고 하였습니다. 정전(正殿)을 피하고 감선하며 술을 금하는 정도는 다 으레 하는 일이거니와, 실질적인 덕이 성에게 미치지 못한다면 어찌 실제로 두려워하여 덕을 닦고 허물을 살피는 것이라고하겠습니까? 성상께서 하교하시기를, ‘집이 없이 흙집에서 살게 하겠느냐?’ 하셨으니, 이것은 거의 잘못된 말이며, 간언(諫言)을 물리치는 조짐입니다. 임금이 어찌 제군·부마를 흙집에 살게 할 수 있겠습니까? 무릇 신하가 진언(進言)할 때에위에서 낯빛을 부드럽게 하여 받아들이더라도 오히려 뜻을 다 아뢰지 못하는데,이제 성상께서 노여움을 말에 나타내시니, 누가 감히 간언하려 하겠습니까?”…(후략)…",1
"246","성종실록",283,1493,12,4,"수","사간원 대사간(司諫院大司諫) 허계(許誡) 등이 상소를 올려 다음과 같이 말했다.“신 등이 듣기로, 조화로운 기는 상서(祥瑞)를 만들고 괴리된 기는 재이(災異)를만들며, 상서가 많으면 그 나라는 창성하고 재이가 많으면 그 나라가 위태롭다고합니다. 전하께서는 겨울에 천둥치는 이변을 만나자, 특별히 명을 내려 잘못된 일이 있는지 듣기를 구하였으니, 이는 전하께서 하늘의 마음이 어질고 사람을 사랑하는 것을 조심하고 행실을 닦아 이변이 사라지게 하려는 것입니다. 신이 일찍이 시경(詩經) 을 읽어 보니 시월지교(十月之交)에 유황을 비난하는 데에서 먼저일식과 천둥, 그리고 산이 무너지고 냇물이 넘치는 것을 말하고, 이어 경사(卿士)·사도(司徒) 등 여러 관식의 사람들이 적당하지 못함을 말하였으며, 이러한 변이가만들어지게 된 이유는 소인이 권세를 마음대로 부렸기 때문에 그러한 것이라고하였습니다. 근년 이래 나라는 괴리된 기가 항상 많고 재이가 항상 뒤를 따라와서 홍수와 가뭄, 황충, 지진 등이 없는 해가 없었습니다. 전하께서 공경하고 두려워하심이 아무리 지극해도 휴징(休徵)이 응하지 아니하고 태평(太平)함이 흡족하지 못하니, 어찌 까닭 없이 그러하겠습니까?.” …(후략)…",3
"247","성종실록",283,1493,12,6,"금","홍문관전한(弘文館典翰) 성세명(成世明) 등이 상소를 올려 다음과 같이 말했다.“깊이 생각해 보면, 하늘은 말이 없지만 재변으로 사람들에게 보이니, 임금은 자신을 반성하여 하늘에 응답하기를 성실하게 해야 합니다. 그러므로 정사에 대해자세하게 생각하는 사람은 반드시 천단(天端)에 구하고 재이를 막는 사람은 반드시 사람의 일에서 미루어 찾습니다. 하늘과 사람이 서로 더불게 되면 임금의 덕이 감통하게 되어 그 응함이 매우 명백하므로, 어찌 깊이 두려울만하지 않겠습니까? 전하께서 재위에 오르신 이래 밤낮으로 부지런하셔서 천지(天地)의 큰 본체를 대하시면서 조종(祖宗)이 이룩한 법을 받들어 항상 두려워하고 염려하시면서감히 게을리 하거나 방탕하지 아니하심이 25년이 되었습니다. 마땅히 하늘의 아름다운 감응(感應)을 얻어 상서롭고 아름다운 일이 아울러 일어나야 하는데, 일식과 월식, 그리고 혜성이 가끔 나타나며, 가뭄과 어두운 악기(惡氣)가 때 아니게나타났습니다. 근년에는 봄에 지진이 있고 여름에 우박(雨雹)이 내리며 10월[純陰月]에는 천둥과 번개가 쳐서 1년 동안에 천변(天變)이 여러 번 나타났습니다. 그래서 하늘과 사람의 뜻을 찾고 예와 지금의 논의를 참고하여 그 벌이 내린 원인을 미루어 생각해 보니, 조화롭지 못한 기가 쌓이고 막혀서 위로 하늘이 그것에감하였기 때문에 재이를 내려 경계하는 것입니다. 전하께서는 재이를 당하여 두려워하시면서 허물을 끌어 자신을 꾸짖고 잘못된 정사가 있을 것을 염려하여 널리 올바른 말을 구하는 명을 내리시니, 전하께서 하늘의 견책에 답하는 정성이간절하십니다.…(후략)…",3
"248","성종실록",283,1493,12,7,"토","사간원대사간(司諫院大司諫) 허계(許誡) 등이 상소를 올려 다음과 같이 말했다.“신 등이 듣건대, 하늘과 사람의 사이에는 선과 악이 서로 통하고 정침(精？)이서로 움직여서 일이 아래에서 지으면 그 형상이 위에서 동하기 때문에 조화로운기는 상서를 만들고 어그러진 기는 재이를 만드니 이는 이치가 반드시 그러한 것입니다. 서경(書經) 에는 ‘서관(庶官)을 폐하지 마소서. 천공(天工)을 사람이 대신한다’라고 말하였으니, 서관은 하늘이 내린 자리, 하늘이 내린 직분이 아닌 게없습니다. 이는 모두 하늘을 대신하여 만물을 다스리는 것인데, 혹시 그 자리에있지 못할 사람에게 맡기면 하늘이 준 직책을 버리고 돌보지 않는 것이니, 하늘의 마음이 기뻐하지 않을 것입니다. 옛날 당(唐)·우(虞) 때에 있어서는 원개(元凱)를 등용하여 쓰고 사흉(四凶)를 물리치며, 백규(百揆)와 사악(四岳)이 안에서통치하고 주목후백(州牧侯伯)이 밖에서 다스리니, 서관(庶官)이 조화롭고 만국(萬國)이 편안하였습니다. 하·은·주 삼대가 번성할 때에는 뛰어난 인재를 널리 구하여 서위(庶位)에 배치하고 잘 등용하여 다스리게 하니, 이 때에는 조화로운 기가쌓여서 모든 복된 것들과 상서를 이루는 것이 미치지 않음이 없었습니다. 조화로운 기가 상서를 만든다는 말은 바로 이것입니다. 그러나 그것이 쇠하게 될 때에는 등용하고 버리는 것이 뒤 바뀌어 지혜로운 사람은 숨어 있고 나라를 병들게하는 자들만이 등용되어 있으니, 그 시에는 ‘혁혁(赫赫)한 태사(太師) 윤(尹)씨여,백성이 모두 그대를 우러러본다.’라고 읊었으며, 또 ‘황보(皇父)는 경사(卿士)이고번(番)이 사도(司徒)이다.’라고 말할 정도였으니, 이 때는 서리가 내리는 것이 계절과 맞지 않고 천둥과 번개가 시기를 잃어 버렸으며, 일식과 월식이 있고 산이무너지며 물이 넘칩니다. 어그러진 기가 재이를 만든다는 말은 바로 이것입니다.맹자는 ‘하늘은 말하지 않고 행동과 일로 보일 뿐이다.’라고 말하였으며 동중서는‘하늘의 마음이 인함으로 임금을 사랑하여, 장차 도를 잃어 패함이 있을 것 같으면 재이를 나타내어 이를 경고한다.’라고 말하였습니다. 하늘이 상서를 내리는 것은 엄한 아버지가 사랑하면서 가르치는 것과 같고 하늘이 재이를 내리는 것은 엄한 아버지가 노여워하면서 가르치는 것과 같습니다. 부모가 사랑하면 기뻐하면서더욱 효도해야 하고 부모가 노여워하면 두려워하여 허물을 고쳐야 하니, 임금이하늘을 섬기는 것은 마땅히 아들이 부모를 섬기는 것과 같이 하여야 합니다. 국가에서는 근년 이래로 재이가 잇따르고 홍수와 가뭄이 해마다 연달아 발생했는데, 금년이 되면서 우박과 지진, 겨울의 천둥이 사이사이에 겹쳐서 일어나니 반복하여 밝게 고하는 것이 엄한 아버지가 가르치고 명령하는 것과 다름없으니, 전하께서는 두려워하여 깨우치고 살피시는 것이 마땅합니다.…(후략)…",1
"249","성종실록",284,1493,12,20,"금","황해도(黃海道) 곡산군(谷山郡)에 지진(地震)이 있었다.",10
